opt_0,2.2E8,Television/A Christmas Carol,7348131,7348131
opt_0,2.2E8,Television/A Discovery of Witches,12451217,19799348
opt_0,2.2E8,Television/A Very Brady Renovation,7914140,27713488
opt_0,2.2E8,Television/Alfred Hitchcock Presents,72635152,100348640
opt_0,2.2E8,Television/America's Test Kitchen,111852031,212200671
pi4_0,4.65E8,Television/American Family,12408276,12408276
pi4_0,4.65E8,Television/Angels in America,16370112,28778388
pi4_0,4.65E8,Television/Anne with an E,55341265,84119653
pi4_0,4.65E8,Television/Away,32522890,116642543
pi4_0,4.65E8,Television/Babylon Berlin,66939633,183582176
pi4_0,4.65E8,Television/Baroness von Sketch Show,30873129,214455305
pi4_0,4.65E8,Television/Barry,32518272,246973577
pi4_0,4.65E8,Television/Better Call Saul,119851467,366825044
pi4_0,4.65E8,Television/Black Adder,9436206,376261250
pi4_0,4.65E8,Television/Black Mirror,55706969,431968219
pi4_0,4.65E8,Television/Bleak House,12639236,444607455
pi4_1,8E9,Television/Bosch,160007481,160007481
pi4_1,8E9,Television/Breaking Bad,227758347,387765828
pi4_1,8E9,Television/Broadchurch,82519692,470285520
pi4_1,8E9,Television/Call the Midwife,294361734,764647254
pi4_1,8E9,Television/Cheers,448259785,1212907039
pi4_1,8E9,Television/Chernobyl,23415699,1236322738
pi4_1,8E9,Television/Cranford,6884125,1243206863
pi4_1,8E9,Television/DARK,39055419,1282262282
pi4_1,8E9,Television/Day of the Triffids 2009,1605979,1283868261
pi4_1,8E9,Television/Dead to Me,28513814,1312382075
pi4_1,8E9,Television/Deadwood,161783250,1474165325
pi4_1,8E9,Television/Death Comes To Pemberley,8327922,1482493247
pi4_1,8E9,Television/Deutschland 83,13254052,1495747299
pi4_1,8E9,Television/Diagnosis,15538065,1511285364
pi4_1,8E9,Television/Dirty Money,16518027,1527803391
pi4_1,8E9,Television/Dirty Money (2018),15227524,1543030915
pi4_1,8E9,Television/Doc Martin,61996777,1605027692
pi4_1,8E9,Television/Everybody Loves Raymond,144521985,1749549677
pi4_1,8E9,Television/Fargo,128954943,1878504620
pi4_1,8E9,Television/Fleabag,5274333,1883778953
pi4_1,8E9,Television/Frasier,28459498,1912238451
pi4_1,8E9,Television/Freaks and Geeks,66940170,1979178621
pi4_1,8E9,Television/Frontline,31688167,2010866788
pi4_1,8E9,Television/Game Of Thrones,285692910,2296559698
pi4_1,8E9,Television/Going Deep,9537548,2306097246
pi4_1,8E9,Television/Great Alaskan Railroad Journeys,4669586,2310766832
pi4_1,8E9,Television/Great American Railroad Journeys,50804830,2361571662
pi4_1,8E9,Television/Great Canadian Railway Journeys,12051522,2373623184
pi4_1,8E9,Television/Greg the Bunny,3225274,2376848458
pi4_1,8E9,Television/Halt and Catch Fire,115515812,2492364270
pi4_1,8E9,Television/Hoarders,291971777,2784336047
pi4_1,8E9,Television/House of Cards - 1990 British,6725845,2791061892
pi4_1,8E9,Television/How the States Got Their Shapes,42720607,2833782499
pi4_1,8E9,"Television/I, Claudius",5967022,2839749521
pi4_1,8E9,Television/Inspector Morse,61418921,2901168442
pi4_1,8E9,Television/Killing for Love,8729418,2909897860
pi4_1,8E9,Television/King of the Hill,63408234,2973306094
pi4_1,8E9,Television/Kung Fu,97251375,3070557469
pi4_1,8E9,Television/Last of the Summer Wine,24280896,3094838365
pi4_1,8E9,Television/Law & Order,199943724,3294782089
pi4_1,8E9,Television/Leaving Neverland,2207329,3296989418
pi4_1,8E9,Television/Life After People,15265117,3312254535
pi4_1,8E9,Television/Life with Elizabeth,1792872,3314047407
pi4_1,8E9,Television/Looney Tunes,197611418,3511658825
pi4_1,8E9,Television/Lou Grant,41567636,3553226461
pi4_1,8E9,Television/Mad Men,382095986,3935322447
pi4_1,8E9,Television/Making a Murderer,40812525,3976134972
pi4_1,8E9,Television/Man in the High Castle,0,3976134972
pi4_1,8E9,Television/Mapp and Lucia,5195509,3981330481
pi4_1,8E9,Television/Max Headroom,5020055,3986350536
pi4_1,8E9,Television/Meet the Romans with Mary Beard,4059959,3990410495
pi4_1,8E9,Television/Midsomer Murders,713286782,4703697277
pi4_1,8E9,Television/Miss Marple,59502472,4763199749
pi4_1,8E9,Television/More Tales of the City,2152403,4765352152
pi4_1,8E9,Television/Mr. Robot,206218446,4971570598
pi4_1,8E9,Television/Mrs. America,17285380,4988855978
pi4_1,8E9,Television/Mulberry,4531871,4993387849
pi4_1,8E9,Television/Murder She Wrote,336852963,5330240812
pi4_1,8E9,"Television/Murder, She Wrote",40834718,5371075530
pi4_1,8E9,Television/Mysteries of the Abandoned,61630982,5432706512
pi4_1,8E9,Television/Mystery Science Theater 3000,170972304,5603678816
pi4_1,8E9,Television/New York State Senate,340882,5604019698
pi4_1,8E9,Television/New folder,0,5604019698
pi4_1,8E9,Television/Newhart,37273308,5641293006
pi4_1,8E9,Television/North & South,4153525,5645446531
pi4_1,8E9,Television/Northern Exposure,328258483,5973705014
pi4_1,8E9,Television/Oliver Stones Untold History of the United States,13392653,5987097667
pi4_1,8E9,Television/One Foot in the Grave,5195899,5992293566
pi4_1,8E9,Television/One Step Beyond,23398399,6015691965
pi4_1,8E9,Television/Orange is the New Black,285396663,6301088628
pi4_1,8E9,Television/Ozark,114741297,6415829925
pi4_1,8E9,Television/Pee-wee's Playhouse,60786093,6476616018
pi4_1,8E9,Television/Playhouse 90,34150995,6510767013
pi4_1,8E9,Television/Poldark,5876151,6516643164
pi4_1,8E9,Television/Poldark (2015),152523979,6669167143
pi4_1,8E9,Television/Ratched,23095599,6692262742
pi4_1,8E9,Television/Rectify,84818751,6777081493
pi4_1,8E9,Television/Red Green,17751730,6794833223
pi4_1,8E9,Television/Rich Man Poor Man,17023009,6811856232
pi4_1,8E9,Television/Robot Chicken,71108216,6882964448
pi4_1,8E9,Television/Russian Doll,8976106,6891940554
pi4_1,8E9,Television/SCTV,5268831,6897209385
pi4_1,8E9,Television/Schitt's Creek,86850218,6984059603
pi4_1,8E9,Television/Shetland,38239685,7022299288
pi4_1,8E9,Television/Star Trek,224189117,7246488405
pi4_1,8E9,Television/Star Trek- Deep Space Nine,116600631,7363089036
pi4_1,8E9,Television/Star Trek- Discovery,120278055,7483367091
pi4_1,8E9,Television/Star Trek- Enterprise,289116308,7772483399
pi4_2,8E9,Television/Star Trek- The Next Generation,588162937,588162937
pi4_2,8E9,Television/Star Trek- Voyager,61602610,649765547
pi4_2,8E9,Television/Tales from the Darkside,16846542,666612089
pi4_2,8E9,Television/Tales of the City,28301958,694914047
pi4_2,8E9,Television/Taxi,47853084,742767131
pi4_2,8E9,Television/Teachers,48565022,791332153
pi4_2,8E9,Television/Television,1291,791333444
pi4_2,8E9,Television/The Addams Family,24475648,815809092
pi4_2,8E9,Television/The Americans (2013),243596250,1059405342
pi4_2,8E9,Television/The Aviators,75971137,1135376479
pi4_2,8E9,Television/The Barchester Chronicles,4214450,1139590929
pi4_2,8E9,Television/The Black Mirror,56413131,1196004060
pi4_2,8E9,Television/The Boondocks,82699318,1278703378
pi4_2,8E9,Television/The Day of the Triffids - 1981,2165611,1280868989
pi4_2,8E9,Television/The Day of the Triffids - 2009,1566275,1282435264
pi4_2,8E9,Television/The Deuce,38827415,1321262679
pi4_2,8E9,Television/The Fugitive,43259483,1364522162
pi4_2,8E9,Television/The Goldbergs,120478474,1485000636
pi4_2,8E9,Television/The Golden Girls,39218062,1524218698
pi4_2,8E9,Television/The Good Fight,74487396,1598706094
pi4_2,8E9,Television/The Good Wife,149235584,1747941678
pi4_2,8E9,Television/The Handmaid's Tale,162838891,1910780569
pi4_2,8E9,Television/The Haunting,14870082,1925650651
pi4_2,8E9,Television/The IT Crowd,7588980,1933239631
pi4_2,8E9,Television/The Kalief Browder Story,4361626,1937601257
pi4_2,8E9,Television/The Leftovers,111312246,2048913503
pi4_2,8E9,Television/The Man in the High Castle,111067355,2159980858
pi4_2,8E9,Television/The Miniaturist,10320889,2170301747
pi4_2,8E9,Television/The Muppet Show,23425776,2193727523
pi4_2,8E9,Television/The Odd Couple,62995703,2256723226
pi4_2,8E9,Television/The Pharmacist,10332556,2267055782
pi4_2,8E9,Television/The Plot Against America,13730651,2280786433
pi4_2,8E9,Television/The Queen's Gambit,15471350,2296257783
pi4_2,8E9,Television/The Rain,14810694,2311068477
pi4_2,8E9,Television/The Roosevelts,44204497,2355272974
pi4_2,8E9,Television/The Salisbury Poisonings,10753519,2366026493
pi4_2,8E9,Television/The Simpsons,68868263,2434894756
pi4_2,8E9,Television/The Stand,9652530,2444547286
pi4_2,8E9,Television/The Stand (2020),13758977,2458306263
pi4_2,8E9,Television/The Tracey Ullman Show,619125,2458925388
pi4_2,8E9,Television/The Twilight Zone,83289074,2542214462
pi4_2,8E9,Television/The Wire,183203401,2725417863
pi4_2,8E9,Television/The World At War,65153493,2790571356
pi4_2,8E9,Television/The X-Files,764555307,3555126663
pi4_2,8E9,Television/Thriller,37248545,3592375208
pi4_2,8E9,Television/Tiger King - Murder Mayhem and Madness,20211371,3612586579
pi4_2,8E9,Television/Toast of London,8113689,3620700268
pi4_2,8E9,Television/Trial by Media,16437871,3637138139
pi4_2,8E9,Television/Two and a Half Men,130622691,3767760830
pi4_2,8E9,Television/Unbelievable,26909756,3794670586
pi4_2,8E9,Television/Unorthodox,15681832,3810352418
pi4_2,8E9,Television/Upstairs Downstairs 2010,4590002,3814942420
pi4_2,8E9,Television/Vera,94472568,3909414988
pi4_2,8E9,Television/Vietnam - The Ten Thousand Day War,9405848,3918820836
pi4_2,8E9,Television/Waco,5653275,3924474111
pi4_2,8E9,Television/Westworld,126224564,4050698675
pi4_2,8E9,Television/When They See Us,11583882,4062282557
pi4_2,8E9,Television/While the Rest of Us Die,8447336,4070729893
pi4_2,8E9,Television/William & Mary,10039945,4080769838
pi4_2,8E9,Television/Wives and Daughters,8200690,4088970528
pi4_2,8E9,Television/Wolf Hall,1509187,4090479715
pi4_2,8E9,Television/Years and Years,20850411,4111330126
pi4_2,8E9,Television/Yes Minister,4522971,4115853097
pi4_2,8E9,Television/Yes Prime Minister,2689240,4118542337
pi4_2,8E9,Movies/10 Cloverfield Lane (2016),4891617,4123433954
pi4_2,8E9,Movies/12 Years a Slave (2013),16186602,4139620556
pi4_2,8E9,Movies/1776 (1972),2390246,4142010802
pi4_2,8E9,Movies/1917 (2019),4193373,4146204175
pi4_2,8E9,Movies/1984 (1984),2266015,4148470190
pi4_2,8E9,Movies/20000 Leagues Under The Sea (1954),4081609,4152551799
pi4_2,8E9,Movies/2001 A Space Odyssey (1968),11893065,4164444864
pi4_2,8E9,Movies/2010 (1984),5552665,4169997529
pi4_2,8E9,Movies/2012 (2009),976422,4170973951
pi4_2,8E9,Movies/21 Up (1977),522089,4171496040
pi4_2,8E9,Movies/28 Up (1984),1871601,4173367641
pi4_2,8E9,Movies/35 Up (1991),1188669,4174556310
pi4_2,8E9,Movies/42 up (1998),1545113,4176101423
pi4_2,8E9,Movies/45 Years (2015),3439438,4179540861
pi4_2,8E9,Movies/49 Up (2005),2682001,4182222862
pi4_2,8E9,Movies/49th Parallel (1941),3129690,4185352552
pi4_2,8E9,Movies/5 Against the House (1955),1021881,4186374433
pi4_2,8E9,Movies/56 Up (2012),3538443,4189912876
pi4_2,8E9,Movies/7 plus Seven (1970),647105,4190559981
pi4_2,8E9,Movies/A Beautiful Day in the Neighborhood (2019),2137133,4192697114
pi4_2,8E9,Movies/A Bronx Tale (1993),4587665,4197284779
pi4_2,8E9,Movies/A Canterbury Tale (1944),5263491,4202548270
pi4_2,8E9,Movies/A Charlie Brown Christmas (1965),1198954,4203747224
pi4_2,8E9,Movies/A Charlie Brown Thanksgiving (1973),2371521,4206118745
pi4_2,8E9,Movies/A Christmas Carol (1938),1943473,4208062218
pi4_2,8E9,Movies/A Christmas Carol (1951),1520926,4209583144
pi4_2,8E9,Movies/A Christmas Carol (1984),2088589,4211671733
pi4_2,8E9,Movies/A Christmas Carol (1999),538501,4212210234
pi4_2,8E9,Movies/A Christmas Carol (2009),2092689,4214302923
pi4_2,8E9,Movies/A Christmas Carol (2010),19663034,4233965957
pi4_2,8E9,Movies/A Christmas Carol (2018),2690209,4236656166
pi4_2,8E9,Movies/A Christmas Story (1983),6823801,4243479967
pi4_2,8E9,Movies/A Christmas Tale (2008),820935,4244300902
pi4_2,8E9,Movies/A City of Sadness (1989),3112134,4247413036
pi4_2,8E9,Movies/A Clockwork Orange (1971),6742585,4254155621
pi4_2,8E9,Movies/A Dark Truth (2012),838861,4254994482
pi4_2,8E9,Movies/A Fistful of Dollars (1964),8031265,4263025747
pi4_2,8E9,Movies/A Free Soul (1931),599713,4263625460
pi4_2,8E9,Movies/A Grand Day Out With Wallace and Gromit (1989),1581399,4265206859
pi4_2,8E9,Movies/A Guy Named Joe (1943),3630890,4268837749
pi4_2,8E9,Movies/A Hard Days Night (1964),1112201,4269949950
pi4_2,8E9,Movies/A History of the Blue Movie (1970),780215,4270730165
pi4_2,8E9,Movies/A Letter to Three Wives (1949),1103217,4271833382
pi4_2,8E9,Movies/A Little Chaos (2014),1735073,4273568455
pi4_2,8E9,Movies/A Man Called Ove (2015),5816080,4279384535
pi4_2,8E9,Movies/A Man Escaped (1956),9474537,4288859072
pi4_2,8E9,Movies/A Man for All Seasons (1966),3841065,4292700137
pi4_2,8E9,Movies/A Matter of Life And Death (1946),4620503,4297320640
pi4_2,8E9,Movies/A Mighty Wind (2003),5806657,4303127297
pi4_2,8E9,Movies/A New Leaf (1971),1294961,4304422258
pi4_2,8E9,Movies/A Place In the Sun (1951),4019225,4308441483
pi4_2,8E9,Movies/A Private War (2018),7242513,4315683996
pi4_2,8E9,Movies/A Quiet Passion (2016),4566992,4320250988
pi4_2,8E9,Movies/A Raisin in the Sun (1961),3005161,4323256149
pi4_2,8E9,Movies/A Separation (2011),3559145,4326815294
pi4_2,8E9,Movies/A Streetcar Named Desire (1951),1653473,4328468767
pi4_2,8E9,Movies/A Summer Place (1959),974105,4329442872
pi4_2,8E9,Movies/A Thousand Clowns (1965),2321953,4331764825
pi4_2,8E9,Movies/A Time To Kill (1996),2991218,4334756043
pi4_2,8E9,Movies/A Touch of Sin (2013),6957653,4341713696
pi4_2,8E9,Movies/A Town Like Alice (1956),6879889,4348593585
pi4_2,8E9,Movies/A Tree Grows in Brooklyn (1945),6764753,4355358338
pi4_2,8E9,Movies/A Woman Under The Influence (1974),2929605,4358287943
pi4_2,8E9,Movies/Abraham Lincoln Vampire Hunter (2012),5524267,4363812210
pi4_2,8E9,Movies/Absolute Power (1997),5236301,4369048511
pi4_2,8E9,Movies/Ace In The Hole (1951),2784504,4371833015
pi4_2,8E9,Movies/Ace of Aces (1933),520313,4372353328
pi4_2,8E9,Movies/Act of Violence (1948),916593,4373269921
pi4_2,8E9,Movies/Adams Rib (1949),2031985,4375301906
pi4_2,8E9,Movies/Advise and Consent (1962),2968971,4378270877
pi4_2,8E9,Movies/After Dark My Sweet (1990),1523985,4379794862
pi4_2,8E9,Movies/Aguirre The Wrath Of God (1972),1575634,4381370496
pi4_2,8E9,Movies/Air Force (1943),1418193,4382788689
pi4_2,8E9,Movies/Airplane (1980),6337321,4389126010
pi4_2,8E9,Movies/Airport (1970),2733873,4391859883
pi4_2,8E9,Movies/Airport 1975 (1974),1413313,4393273196
pi4_2,8E9,Movies/Airport 77 (1977),834873,4394108069
pi4_2,8E9,Movies/Ali Fear Eats the Soul (1974),576221,4394684290
pi4_2,8E9,Movies/Alien (1979),6875801,4401560091
pi4_2,8E9,Movies/Aliens (1986),1102845,4402662936
pi4_2,8E9,Movies/All About Eve (1950),3452969,4406115905
pi4_2,8E9,Movies/All Quiet on the Western Front (1930),5727646,4411843551
pi4_2,8E9,Movies/All The Kings Men (2006),4579721,4416423272
pi4_2,8E9,Movies/All The Presidents Men (1976),9190602,4425613874
pi4_2,8E9,Movies/All the Kings Men (1949),1178619,4426792493
pi4_2,8E9,Movies/Almost Christmas (2016),778537,4427571030
pi4_2,8E9,Movies/Almost Famous (2000),6864913,4434435943
pi4_2,8E9,Movies/Alone in Berlin (2016),3780286,4438216229
pi4_2,8E9,Movies/Amelia (2009),2071977,4440288206
pi4_2,8E9,Movies/American - The Bill Hicks Story (2009),1450916,4441739122
pi4_2,8E9,Movies/American Experience - Joseph McCarthy (2020),5444945,4447184067
pi4_2,8E9,Movies/American Graffiti (1973),8428253,4455612320
pi4_2,8E9,Movies/American Socialist - Eugene Debs (2017),3011329,4458623649
pi4_2,8E9,Movies/Amistad (1997),9148817,4467772466
pi4_2,8E9,Movies/Anatomy of a Murder (1959),6878109,4474650575
pi4_2,8E9,Movies/Anchorman - The Legend of Ron Burgundy (2004),7537881,4482188456
pi4_2,8E9,Movies/Anchorman 2 - The Legend Continues (2013),5738290,4487926746
pi4_2,8E9,Movies/And Justice for All (1979),9178145,4497104891
pi4_2,8E9,Movies/And the Band Played On (1993),11162462,4508267353
pi4_2,8E9,Movies/Andrei Rublev (1966),1391418,4509658771
pi4_2,8E9,Movies/Animal Farm (1954),742943,4510401714
pi4_2,8E9,Movies/Anne and Muriel (1971),4581406,4514983120
pi4_2,8E9,Movies/Annhilation (2018),4754565,4519737685
pi4_2,8E9,Movies/Annie Hall (1977),1869702,4521607387
pi4_2,8E9,Movies/Another Thin Man (1939),847041,4522454428
pi4_2,8E9,Movies/Anthropoid (2016),7338569,4529792997
pi4_2,8E9,Movies/Antonias Line (1995),3429914,4533222911
pi4_2,8E9,Movies/Aparajito (1956),729597,4533952508
pi4_2,8E9,Movies/Apocalypse Now (1979),8492253,4542444761
pi4_2,8E9,Movies/Apocalypse Now Redux (1979),8492241,4550937002
pi4_2,8E9,Movies/Apollo 13 (1995),13125829,4564062831
pi4_2,8E9,Movies/Archipelago (2010),723338,4564786169
pi4_2,8E9,Movies/Arduino The Documentary (2010),169674,4564955843
pi4_2,8E9,Movies/Armored Car Robbery (1950),725489,4565681332
pi4_2,8E9,Movies/Army Of Shadows (1969),11468717,4577150049
pi4_2,8E9,Movies/Arrival (2016),7814312,4584964361
pi4_2,8E9,Movies/Artificial Intelligence (2001),974590,4585938951
pi4_2,8E9,Movies/Atlantics (2019),3468833,4589407784
pi4_2,8E9,Movies/Audition (1999),6881829,4596289613
pi4_2,8E9,Movies/Auto Focus (2002),3381122,4599670735
pi4_2,8E9,Movies/Avalon (1990),1695519,4601366254
pi4_2,8E9,Movies/Avatar (2009),21176865,4622543119
pi4_2,8E9,Movies/Babettes Feast (1987),1188430,4623731549
pi4_2,8E9,Movies/Baby Face (1933),868433,4624599982
pi4_2,8E9,Movies/Bachelor Mother (1939),624049,4625224031
pi4_2,8E9,Movies/Backfire (1950),981665,4626205696
pi4_2,8E9,Movies/Bad Day at Black Rock (1955),4630961,4630836657
pi4_2,8E9,Movies/Bad Santa (2003),8421050,4639257707
pi4_2,8E9,Movies/Badlands (1973),1205561,4640463268
pi4_2,8E9,Movies/Bambi (1942),4644058,4645107326
pi4_2,8E9,Movies/Bang the Drum Slowly (1973),851497,4645958823
pi4_2,8E9,Movies/Barbarians At The Gate (1993),715497,4646674320
pi4_2,8E9,Movies/Barry Lyndon (1975),4460241,4651134561
pi4_2,8E9,Movies/Batman Begins (2005),2266881,4653401442
pi4_2,8E9,Movies/Battleship Potemkin (1925),1150225,4654551667
pi4_2,8E9,Movies/Beau Geste (1939),5941295,4660492962
pi4_2,8E9,Movies/Beauty and the Beast (1946),6882457,4667375419
pi4_2,8E9,Movies/Becoming Jane (2007),1004094,4668379513
pi4_2,8E9,Movies/Beethoven's Eroica - The Day That Changed Music Forever (2003),1076206,4669455719
pi4_2,8E9,Movies/Begin Again (2014),1059665,4670515384
pi4_2,8E9,Movies/Bell Book and Candle (1958),1171483,4671686867
pi4_2,8E9,Movies/Belle de Jour (1967),4640843,4676327710
pi4_2,8E9,Movies/Belles on Their Toes (1952),1441622,4677769332
pi4_2,8E9,Movies/Bells Are Ringing (1960),842053,4678611385
pi4_2,8E9,Movies/Ben Hur (1959),20027298,4698638683
pi4_2,8E9,Movies/Beneath the Planet of the Apes (1970),949135,4699587818
pi4_2,8E9,Movies/Berlin Alexanderplatz (1980),1507755,4701095573
pi4_2,8E9,Movies/Berlin Express (1948),1255261,4702350834
pi4_2,8E9,Movies/Best In Show (2000),6645002,4708995836
pi4_2,8E9,Movies/Between Two Worlds (1944),697057,4709692893
pi4_2,8E9,Movies/Bicycle Thieves (1948),3479003,4713171896
pi4_2,8E9,Movies/Big Top Pee-Wee (1988),3477301,4716649197
pi4_2,8E9,Movies/Billy Bathgate (1991),4585105,4721234302
pi4_2,8E9,Movies/Billy Elliot (2000),4580390,4725814692
pi4_2,8E9,Movies/Bird Box (2018),4746269,4730560961
pi4_2,8E9,Movies/Birdman of Alcatraz (1962),6457465,4737018426
pi4_2,8E9,Movies/Black Book (2006),8405487,4745423913
pi4_2,8E9,Movies/Black Jack (1979),909929,4746333842
pi4_2,8E9,Movies/Black Legion (1937),969117,4747302959
pi4_2,8E9,Movies/Black Sunday (1977),4750985,4752053944
pi4_2,8E9,Movies/Blade Runner (1982),6266113,4758320057
pi4_2,8E9,Movies/Bladerunner (1982),14526906,4772846963
pi4_2,8E9,Movies/Blast of Silence (1961),1436439,4774283402
pi4_2,8E9,Movies/Blaze of Noon (1947),846674,4775130076
pi4_2,8E9,Movies/Blind Spot - Hitlers Secretary (2002),595252,4775725328
pi4_2,8E9,Movies/Blindness (2008),6020181,4781745509
pi4_2,8E9,Movies/Blithe Spirit (1945),1138185,4782883694
pi4_2,8E9,Movies/Blood Quantum (2019),4461377,4787345071
pi4_2,8E9,Movies/Blood Simple (1984),1217226,4788562297
pi4_2,8E9,Movies/Blow Out (1981),2163402,4790725699
pi4_2,8E9,Movies/Bob Le Flambeur (1956),862978,4791588677
pi4_2,8E9,Movies/Body Heat (1981),5730214,4797318891
pi4_2,8E9,Movies/Bonnie and Clyde (1967),1120249,4798439140
pi4_2,8E9,Movies/Borat (2006),2495513,4800934653
pi4_2,8E9,Movies/Borat Subsequent Moviefilm (2020),1352857,4802287510
pi4_2,8E9,Movies/Border Incident (1949),768017,4803055527
pi4_2,8E9,Movies/Born Yesterday (1950),5804380,4808859907
pi4_2,8E9,Movies/Born to Kill (1947),841665,4809701572
pi4_2,8E9,Movies/Bottle Rocket (1996),4570654,4814272226
pi4_2,8E9,Movies/Bowling For Columbine (2002),4720650,4818992876
pi4_2,8E9,Movies/Boxcar Bertha (1972),968989,4819961865
pi4_2,8E9,Movies/Boyhood (2014),2381513,4822343378
pi4_2,8E9,Movies/Brainstorm (1983),4618572,4826961950
pi4_2,8E9,Movies/Breaking Away (1979),1155729,4828117679
pi4_2,8E9,Movies/Breathless (1960),2444017,4830561696
pi4_2,8E9,Movies/Bridesmaids (2011),2232433,4832794129
pi4_2,8E9,Movies/Bridge on the River Kwai (1957),10431027,4843225156
pi4_2,8E9,Movies/Bridget Jones Diary (2001),821071,4844046227
pi4_2,8E9,Movies/Bringing Up Baby (1938),3057578,4847103805
pi4_2,8E9,Movies/Broadcast News (1987),2745173,4849848978
pi4_2,8E9,Movies/Brokeback Mountain (2005),2691237,4852540215
pi4_2,8E9,Movies/Brooklyn (2015),10472841,4863013056
pi4_2,8E9,Movies/Brute Force (1947),5795472,4868808528
pi4_2,8E9,Movies/Buck (2011),1776177,4870584705
pi4_2,8E9,Movies/Bunny Lake Is Missing (1965),2164805,4872749510
pi4_2,8E9,Movies/Burn After Reading (2008),8539137,4881288647
pi4_2,8E9,Movies/Cabaret (1972),2475537,4883764184
pi4_2,8E9,Movies/California Typewriter (2017),2988525,4886752709
pi4_2,8E9,Movies/Call Northside 777 (1948),1064025,4887816734
pi4_2,8E9,Movies/Cameraperson (2016),4196661,4892013395
pi4_2,8E9,Movies/Canadian Bacon (1995),1103234,4893116629
pi4_2,8E9,Movies/Capital In The Twenty-First Century (2019),3024265,4896140894
pi4_2,8E9,Movies/Capitalism - A Love Story (2009),4588702,4900729596
pi4_2,8E9,Movies/Captain Blood (1935),3604094,4904333690
pi4_2,8E9,Movies/Captains Courageous (1937),1492729,4905826419
pi4_2,8E9,Movies/Carnival of Souls (1962),2190665,4908017084
pi4_2,8E9,Movies/Carrie (1976),1964593,4909981677
pi4_2,8E9,Movies/Carriers (2009),12182104,4922163781
pi4_2,8E9,Movies/Carrington (1995),9284224,4931448005
pi4_2,8E9,Movies/Casablanca (1942),4578697,4936026702
pi4_2,8E9,Movies/Casanovas Big Night (1954),1147665,4937174367
pi4_2,8E9,Movies/Cash On Demand (1962),720518,4937894885
pi4_2,8E9,Movies/Casino (1995),4529769,4942424654
pi4_2,8E9,Movies/Casino Royale (2006),11419282,4953843936
pi4_2,8E9,Movies/Cast Away (2000),1168665,4955012601
pi4_2,8E9,Movies/Cathy Come Home (1966),1846761,4956859362
pi4_2,8E9,Movies/Chappaquiddick (2017),18285554,4975144916
pi4_2,8E9,Movies/Charade (1963),1436053,4976580969
pi4_2,8E9,Movies/Chariots of Fire (1981),1120121,4977701090
pi4_2,8E9,Movies/Charley Varrick (1973),4625599,4982326689
pi4_2,8E9,Movies/Charlie Chan at Treasure Island (1939),714089,4983040778
pi4_2,8E9,Movies/Cheaper by the Dozen (1950),1197381,4984238159
pi4_2,8E9,Movies/Cheech And Chongs Up In Smoke (1978),3166917,4987405076
pi4_2,8E9,Movies/Cheech and Chongs Next Movie (1980),5732774,4993137850
pi4_2,8E9,Movies/Cheech and Chongs Nice Dreams (1981),3345197,4996483047
pi4_2,8E9,Movies/Chef (2014),2729145,4999212192
pi4_2,8E9,Movies/Cherry (2021),2671497,5001883689
pi4_2,8E9,Movies/Children of Men (2006),11818798,5013702487
pi4_2,8E9,Movies/Children of the Damned (1964),779289,5014481776
pi4_2,8E9,Movies/Chinatown (1974),4588446,5019070222
pi4_2,8E9,Movies/Christine (1983),1488958,5020559180
pi4_2,8E9,Movies/Christine (2016),4899681,5025458861
pi4_2,8E9,Movies/Christine F. (1984),4821041,5030279902
pi4_2,8E9,Movies/Christmas With the Kranks (2004),3732062,5034011964
pi4_2,8E9,Movies/Christmas in Connecticut (1945),1719825,5035731789
pi4_2,8E9,Movies/Christmas in the Clouds (2001),723348,5036455137
pi4_2,8E9,Movies/Cinema Paradiso (1988),4627002,5041082139
pi4_2,8E9,Movies/Citizen Kane (1941),6393561,5047475700
pi4_2,8E9,Movies/Citizenfour (2014),3551610,5051027310
pi4_2,8E9,Movies/City Lights (1931),4375297,5055402607
pi4_2,8E9,Movies/City of Fear (1959),611497,5056014104
pi4_2,8E9,Movies/Clash by Night (1952),854601,5056868705
pi4_2,8E9,Movies/Class Action Park (2020),6836262,5063704967
pi4_2,8E9,Movies/Client 9 (2010),3837846,5067542813
pi4_2,8E9,Movies/Cloud Atlas (2012),5058866,5072601679
pi4_2,8E9,Movies/Cloverfield (2008),8045101,5080646780
pi4_2,8E9,Movies/Coco (2017),5783461,5086430241
pi4_2,8E9,Movies/Cold Mountain (2003),6887713,5093317954
pi4_2,8E9,Movies/Colewell (2019),3011441,5096329395
pi4_2,8E9,Movies/Colossus (1970),5272717,5101602112
pi4_2,8E9,Movies/Come and See (1985),30035038,5131637150
pi4_2,8E9,Movies/Comfort and Joy (1984),758439,5132395589
pi4_2,8E9,Movies/Coming Home (1978),2053489,5134449078
pi4_2,8E9,Movies/Compliance (2012),1139610,5135588688
pi4_2,8E9,Movies/Conspiracy (2001),862434,5136451122
pi4_2,8E9,Movies/Contact (1997),1365831,5137816953
pi4_2,8E9,Movies/Contagion (2011),8031165,5145848118
pi4_2,8E9,Movies/Coraline (2009),8336117,5154184235
pi4_2,8E9,Movies/Cornered (1945),747777,5154932012
pi4_2,8E9,Movies/Corpse Bride (2005),7606030,5162538042
pi4_2,8E9,Movies/Crime Wave (1954),676305,5163214347
pi4_2,8E9,Movies/Crime in the Streets (1956),1022265,5164236612
pi4_2,8E9,Movies/Criss Cross (1949),4584486,5168821098
pi4_2,8E9,Movies/Cronos (1993),8111825,5176932923
pi4_2,8E9,Movies/Crossfire (1947),566281,5177499204
pi4_2,8E9,Movies/Crouching Tiger Hidden Dragon (2000),5150491,5182649695
pi4_2,8E9,Movies/Crumb (1994),5737599,5188387294
pi4_2,8E9,Movies/Cry Havoc (1943),1102589,5189489883
pi4_2,8E9,Movies/Cutters Way (1981),3494337,5192984220
pi4_2,8E9,Movies/D.O.A (1950),316397,5193300617
pi4_2,8E9,Movies/Dark Passage (1947),1455841,5194756458
pi4_2,8E9,Movies/Dark Victory (1939),4629711,5199386169
pi4_2,8E9,Movies/Dark Waters (2019),11837209,5211223378
pi4_2,8E9,Movies/Das Boot (1981),8342255,5219565633
pi4_2,8E9,Movies/Daughters of the Dust (1991),1257594,5220823227
pi4_2,8E9,Movies/Dave (1993),4576793,5225400020
pi4_2,8E9,Movies/Dawn of the Dead (1978),8054090,5233454110
pi4_2,8E9,Movies/Dawn of the Dead (2004),7955177,5241409287
pi4_2,8E9,Movies/Dawn of the Planet of the Apes (2014),899817,5242309104
pi4_2,8E9,Movies/Day of the Dead (1985),4885209,5247194313
pi4_2,8E9,Movies/Days of Heaven (1978),3655016,5250849329
pi4_2,8E9,Movies/Dead Men Don't Wear Plaid (1982),1301361,5252150690
pi4_2,8E9,Movies/Dead Snow (2009),878971,5253029661
pi4_2,8E9,Movies/Deadline at Dawn (1946),540793,5253570454
pi4_2,8E9,Movies/Death At A Funeral (2007),1466089,5255036543
pi4_2,8E9,Movies/Death of a President (2006),729734,5255766277
pi4_2,8E9,Movies/Death of a Salesman (1951),923005,5256689282
pi4_2,8E9,Movies/Death of a Salesman (1985),2749915,5259439197
pi4_2,8E9,Movies/Debbie Does Dallas (1978),1358515,5260797712
pi4_2,8E9,Movies/Deception (1946),723825,5261521537
pi4_2,8E9,Movies/Decoy (1946),553985,5262075522
pi4_2,8E9,Movies/Defending Your Life (1991),4579270,5266654792
pi4_2,8E9,Movies/Departures (2008),718219,5267373011
pi4_2,8E9,Movies/Der Verlorene (1951),979625,5268352636
pi4_2,8E9,Movies/Desperate (1947),604833,5268957469
pi4_2,8E9,Movies/Destry Rides Again (1939),3468508,5272425977
pi4_2,8E9,Movies/Detachment (2011),6896417,5279322394
pi4_2,8E9,Movies/Detour (1945),1062621,5280385015
pi4_2,8E9,Movies/Dial 1119 (1950),608801,5280993816
pi4_2,8E9,Movies/Diamond Head (1962),1167030,5282160846
pi4_2,8E9,Movies/Diary of a Chambermaid (1964),8734213,5290895059
pi4_2,8E9,Movies/Diary of the Dead (2007),4587201,5295482260
pi4_2,8E9,Movies/Dick Tracy (1990),2317729,5297799989
pi4_2,8E9,Movies/Die Brucke (1959),1543663,5299343652
pi4_2,8E9,Movies/Die Hard (1988),7236225,5306579877
pi4_2,8E9,Movies/Die Moerder sind unter uns (1946),2819134,5309399011
pi4_2,8E9,Movies/Dillinger (1945),621353,5310020364
pi4_2,8E9,Movies/Dim Sum (1985),723842,5310744206
pi4_2,8E9,Movies/Do The Right Thing (1989),6872217,5317616423
pi4_2,8E9,Movies/Doctor Zhivago (1965),22163302,5339779725
pi4_2,8E9,Movies/Dodge City (1939),4673144,5344452869
pi4_2,8E9,Movies/Dodsworth (1936),789409,5345242278
pi4_2,8E9,Movies/Doghouse (2009),1124369,5346366647
pi4_2,8E9,Movies/Dogtooth (2009),6591736,5352958383
pi4_2,8E9,Movies/Dolemite Is My Name (2019),6912053,5359870436
pi4_2,8E9,Movies/Don't Look Now (1973),20080644,5379951080
pi4_2,8E9,Movies/Donnie Darko (2001),8550273,5388501353
pi4_2,8E9,Movies/Doomsday (2008),9196547,5397697900
pi4_2,8E9,Movies/Double Indemnity (1944),5739417,5403437317
pi4_2,8E9,Movies/Downstairs (1932),452921,5403890238
pi4_2,8E9,Movies/Dr Strangelove (1964),6883737,5410773975
pi4_2,8E9,Movies/Dr. Seuss How the Grinch Stole Christmas (1966),965187,5411739162
pi4_2,8E9,Movies/Drag Me to Hell (2009),5421505,5417160667
pi4_2,8E9,Movies/Dreamcatcher (2003),1471094,5418631761
pi4_2,8E9,Movies/Dreamscape (1984),8670929,5427302690
pi4_2,8E9,Movies/Drive a Crooked Road (1954),731641,5428034331
pi4_2,8E9,Movies/Drums Along The Mohawk (1939),3441946,5431476277
pi4_2,8E9,Movies/Drunken Master (1978),5735210,5437211487
pi4_2,8E9,Movies/Duck Soup (1933),3501931,5440713418
pi4_2,8E9,Movies/Duck and Cover (1951),47521,5440760939
pi4_2,8E9,Movies/Duel (1971),8854605,5449615544
pi4_2,8E9,Movies/Dumbo (1941),4272065,5453887609
pi4_2,8E9,Movies/Dunkirk (2017),3485361,5457372970
pi4_2,8E9,Movies/Each Dawn I Die (1939),1343906,5458716876
pi4_2,8E9,Movies/East of Eden (1955),795425,5459512301
pi4_2,8E9,Movies/Eat Drink Man Woman (1994),4585361,5464097662
pi4_2,8E9,Movies/Eat a Bowl of Tea (1989),1436369,5465534031
pi4_2,8E9,Movies/Ed Wood (1994),2045801,5467579832
pi4_2,8E9,Movies/Eight Men Out (1988),1002456,5468582288
pi4_2,8E9,Movies/Eight and a Half (1963),22225881,5490808169
pi4_2,8E9,Movies/El Camino - A Breaking Bad Movie (2019),3959665,5494767834
pi4_2,8E9,Movies/Election (1999),9640929,5504408763
pi4_2,8E9,Movies/Elf (2003),1944865,5506353628
pi4_2,8E9,Movies/Elvis and Nixon (2016),4674817,5511028445
pi4_2,8E9,Movies/Empire Of The Sun (1987),2797025,5513825470
pi4_2,8E9,Movies/Encore (1951),369025,5514194495
pi4_2,8E9,Movies/Enemy (2013),1307129,5515501624
pi4_2,8E9,Movies/Enemy at the Gates (2001),5257515,5520759139
pi4_2,8E9,Movies/Enemy of the State (1998),4193801,5524952940
pi4_2,8E9,Movies/Enron The Smartest Guys in the Room (2005),2188762,5527141702
pi4_2,8E9,Movies/Eternal Sunshine of the Spotless Mind (2004),8468425,5535610127
pi4_2,8E9,Movies/Everlasting Moments (2008),1450790,5537060917
pi4_2,8E9,Movies/Every Woman Has a Fantasy (1984),760845,5537821762
pi4_2,8E9,Movies/Evil Roy Slade (1972),1454070,5539275832
pi4_2,8E9,Movies/Executive Action (1973),1455326,5540731158
pi4_2,8E9,Movies/Faces (1968),13307150,5554038308
pi4_2,8E9,Movies/Fahrenheit 451 (1966),1104241,5555142549
pi4_2,8E9,Movies/Fahrenheit 911 (2004),14316953,5569459502
pi4_2,8E9,Movies/Failsafe (1964),2501655,5571961157
pi4_2,8E9,Movies/Falling Down (1993),5738137,5577699294
pi4_2,8E9,Movies/Fanny and Alexander (1982),1525658,5579224952
pi4_2,8E9,Movies/Fantasia (1940),9220698,5588445650
pi4_2,8E9,Movies/Fantastic Mr Fox (2009),7135169,5595580819
pi4_2,8E9,Movies/Fate Is the Hunter (1964),5091947,5600672766
pi4_2,8E9,Movies/Fatherland (1986),1606593,5602279359
pi4_2,8E9,Movies/Female (1933),728177,5603007536
pi4_2,8E9,Movies/Fiddler on the Roof (1971),21802198,5624809734
pi4_2,8E9,Movies/Fight Club (1999),814129,5625623863
pi4_2,8E9,Movies/Fires On The Plain (1959),735568,5626359431
pi4_2,8E9,Movies/First Cow (2020),5542310,5631901741
pi4_2,8E9,Movies/First Man (2018),5877617,5637779358
pi4_2,8E9,Movies/First Reformed (2017),8024353,5645803711
pi4_2,8E9,Movies/Fist of Fury (1972),8339326,5654143037
pi4_2,8E9,Movies/Five Easy Pieces (1970),6133813,5660276850
pi4_2,8E9,Movies/Flame - The Imitation Game (2014),5738022,5666014872
pi4_2,8E9,Movies/Flight (2012),6882853,5672897725
pi4_2,8E9,Movies/Floating Weeds (1959),12927122,5685824847
pi4_2,8E9,Movies/Flyboys (2006),3896666,5689721513
pi4_2,8E9,Movies/For A Few Dollars More (1965),5978937,5695700450
pi4_2,8E9,Movies/For the Love of Spock (2016),5703434,5701403884
pi4_2,8E9,Movies/Four Weddings And A Funeral (1994),1282031,5702685915
pi4_2,8E9,Movies/Frantz (2016),5734962,5708420877
pi4_2,8E9,Movies/Freaky Friday (1977),2808681,5711229558
pi4_2,8E9,Movies/Free State of Jones (2016),3699649,5714929207
pi4_2,8E9,Movies/Freedom Downtime - The Kevin Mitnick Story (2003),717566,5715646773
pi4_2,8E9,Movies/Fried Green Tomatoes (1991),3881413,5719528186
pi4_2,8E9,Movies/Friendly Persuasion (1956),1975881,5721504067
pi4_2,8E9,Movies/Friends - The Reunion (2021),6551737,5728055804
pi4_2,8E9,Movies/Frisco Jenny (1932),677457,5728733261
pi4_2,8E9,Movies/Fruitvale Station (2013),6887559,5735620820
pi4_2,8E9,Movies/Full House (1952),1410105,5737030925
pi4_2,8E9,Movies/GOG (1954),909318,5737940243
pi4_2,8E9,Movies/Galaxy Quest (1999),2043377,5739983620
pi4_2,8E9,Movies/Gandhi (1982),1389873,5741373493
pi4_2,8E9,Movies/Gangs of New York (2002),9175585,5750549078
pi4_2,8E9,Movies/Garfield's Thanksgiving (1989),1349785,5751898863
pi4_2,8E9,Movies/Gaslight (1944),1865482,5753764345
pi4_2,8E9,Movies/Genius Within The Inner Life Of Glenn Gould (2009),4628786,5758393131
pi4_2,8E9,Movies/Gentlemans Agreement (1947),6148543,5764541674
pi4_2,8E9,Movies/Georgy Girl (1966),1841143,5766382817
pi4_2,8E9,Movies/Get Out (2017),4578858,5770961675
pi4_2,8E9,Movies/Get Shorty (1995),5558690,5776520365
pi4_2,8E9,Movies/Ghost (1990),4589755,5781110120
pi4_2,8E9,Movies/Giant (1956),1147401,5782257521
pi4_2,8E9,Movies/Gilda (1946),1091049,5783348570
pi4_2,8E9,Movies/Glengarry Glen Ross (1992),7875275,5791223845
pi4_2,8E9,Movies/Glory (1989),3361369,5794585214
pi4_2,8E9,Movies/Going Clear - Scientology and the Prison of Belief (2015),2717243,5797302457
pi4_2,8E9,Movies/Gone With the Wind (1939),4753025,5802055482
pi4_2,8E9,Movies/Good Morning (1959),2129441,5804184923
pi4_2,8E9,Movies/GoodFellas (1990),4448049,5808632972
pi4_2,8E9,Movies/Goodbye Lenin (2003),722901,5809355873
pi4_2,8E9,Movies/Goodbye Mr. Chips (1939),1275365,5810631238
pi4_2,8E9,Movies/Graduation (2016),5795407,5816426645
pi4_2,8E9,Movies/Grand Canyon (1991),4584994,5821011639
pi4_2,8E9,Movies/Grand Illusion (1937),8131979,5829143618
pi4_2,8E9,Movies/Gravity (2013),6876945,5836020563
pi4_2,8E9,Movies/Groundhog Day (1993),12242737,5848263300
pi4_2,8E9,Movies/Guess Who Is Coming to Dinner (1967),2164537,5850427837
pi4_2,8E9,Movies/Gun Crazy (1950),1058513,5851486350
pi4_2,8E9,Movies/Gunga Din (1939),1457249,5852943599
pi4_2,8E9,Movies/H. M. Pulham Esq. (1941),1176481,5854120080
pi4_2,8E9,Movies/Half Nelson (2006),1576250,5855696330
pi4_2,8E9,Movies/Hannah Arendt (2012),1448665,5857144995
pi4_2,8E9,Movies/Hannah and Her Sisters (1986),582566,5857727561
pi4_2,8E9,Movies/Happy Feet Two (2011),1992017,5859719578
pi4_2,8E9,Movies/Hardcore (1979),6887828,5866607406
pi4_2,8E9,Movies/Harold and Maude (1971),6962280,5873569686
pi4_2,8E9,Movies/Harry and Tonto (1974),3663137,5877232823
pi4_2,8E9,Movies/Harvey (1950),1085302,5878318125
pi4_2,8E9,Movies/Hawaii (1966),577801,5878895926
pi4_2,8E9,Movies/Head (1968),4636754,5883532680
pi4_2,8E9,Movies/Heat (1995),3174509,5886707189
pi4_2,8E9,Movies/Heaven Can Wait (1943),4586145,5891293334
pi4_2,8E9,Movies/Heaven Can Wait (1978),1464544,5892757878
pi4_2,8E9,Movies/Heaven Knows What (2014),3433238,5896191116
pi4_2,8E9,Movies/Heaven's Gate (1980),9169177,5905360293
pi4_2,8E9,Movies/Heavenly Creatures (1994),4583599,5909943892
pi4_2,8E9,Movies/Hellboy (2004),3138637,5913082529
pi4_2,8E9,Movies/Hellboy II - The Golden Army (2008),3282485,5916365014
pi4_2,8E9,Movies/Henry V (1989),1349657,5917714671
pi4_2,8E9,Movies/Here Comes Mr. Jordan (1941),4632003,5922346674
pi4_2,8E9,Movies/Heroes for Sale (1933),536825,5922883499
pi4_2,8E9,Movies/Hidden Figures (2016),3322254,5926205753
pi4_2,8E9,Movies/High And Low (1963),6934635,5933140388
pi4_2,8E9,Movies/High School (1968),1208674,5934349062
pi4_2,8E9,Movies/High-Rise (2015),3146743,5937495805
pi4_2,8E9,Movies/Highly Dangerous (1950),1149070,5938644875
pi4_2,8E9,Movies/His Girl Friday (1940),4588449,5943233324
pi4_2,8E9,Movies/His Kind of Woman (1951),1071321,5944304645
pi4_2,8E9,Movies/Hitler- Eine Karriere (1977),13322147,5957626792
pi4_2,8E9,Movies/Hobsons Choice (1954),1717905,5959344697
pi4_2,8E9,Movies/Hold Back the Dawn (1941),1003957,5960348654
pi4_2,8E9,Movies/Hold Back the Night (1956),1113742,5961462396
pi4_2,8E9,Movies/Holiday Affair (1949),2752850,5964215246
pi4_2,8E9,Movies/Holy Motors (2012),8037408,5972252654
pi4_2,8E9,Movies/Home Before Dark (1958),846785,5973099439
pi4_2,8E9,Movies/Home for the Holidays (1995),11464789,5984564228
pi4_2,8E9,Movies/Honest Man - The Life of R. Budd Dwyer (2010),1739392,5986303620
pi4_2,8E9,Movies/Hope and Glory (1987),11470160,5997773780
pi4_2,8E9,Movies/Hot Fuzz (2007),876374,5998650154
pi4_2,8E9,Movies/Hotel Rwanda (2004),3259798,6001909952
pi4_2,8E9,Movies/House of Games (1987),4794393,6006704345
pi4_2,8E9,Movies/House of Sand and Fog (2003),3402683,6010107028
pi4_2,8E9,Movies/Housekeeping (1987),11591417,6021698445
pi4_2,8E9,Movies/How Green Was My Valley (1941),1206073,6022904518
pi4_2,8E9,Movies/How the Grinch Stole Christmas (1966),768273,6023672791
pi4_2,8E9,Movies/Human Desire (1954),839233,6024512024
pi4_2,8E9,Movies/I Am Mother (2019),8736454,6033248478
pi4_2,8E9,Movies/I Care a Lot (2020),9224513,6042472991
pi4_2,8E9,Movies/I Cover The Waterfront (1933),3552089,6046025080
pi4_2,8E9,Movies/I Daniel Blake (2016),4116961,6050142041
pi4_2,8E9,Movies/I Drink Your Blood 1970 (1080),6982560,6057124601
pi4_2,8E9,Movies/I Know Where I'm Going (1945),5863852,6062988453
pi4_2,8E9,Movies/I Robot (2004),2296857,6065285310
pi4_2,8E9,Movies/I Saw The Devil (2010),11286269,6076571579
pi4_2,8E9,Movies/I Walked with a Zombie (1943),3480188,6080051767
pi4_2,8E9,Movies/I Was Born But (1932),2842625,6082894392
pi4_2,8E9,Movies/I'll See You in my Dreams (2015),774293,6083668685
pi4_2,8E9,Movies/Idiocracy (2006),4587537,6088256222
pi4_2,8E9,Movies/Idiots Delight (1939),1144358,6089400580
pi4_2,8E9,Movies/Ikiru (1952),5730998,6095131578
pi4_2,8E9,Movies/Illegal (1955),804393,6095935971
pi4_2,8E9,Movies/Immortal Beloved (1994),11062673,6106998644
pi4_2,8E9,Movies/In A Lonely Place (1950),4436793,6111435437
pi4_2,8E9,Movies/In A World (2013),4639067,6116074504
pi4_2,8E9,Movies/In Bruges (2008),924558,6116999062
pi4_2,8E9,Movies/In Cold Blood (1967),3231847,6120230909
pi4_2,8E9,Movies/In Darkness (2011),5733410,6125964319
pi4_2,8E9,Movies/In Her Shoes (2005),2047326,6128011645
pi4_2,8E9,Movies/In The Mood For Love (2000),8023585,6136035230
pi4_2,8E9,Movies/In the Bedroom (2001),4133217,6140168447
pi4_2,8E9,Movies/In the Heat of the Night (1967),3509325,6143677772
pi4_2,8E9,Movies/Inception (2010),5313017,6148990789
pi4_2,8E9,Movies/Infection (2004),897436,6149888225
pi4_2,8E9,Movies/Inherit the Wind (1960),2053233,6151941458
pi4_2,8E9,Movies/Inside Job (2011),717451,6152658909
pi4_2,8E9,Movies/Inside Out (2015),2330537,6154989446
pi4_2,8E9,Movies/Into the White (2012),8736134,6163725580
pi4_2,8E9,Movies/Into the Wild (2007),1050544,6164776124
pi4_2,8E9,Movies/Invasion of the Body Snatchers (1956),5734545,6170510669
pi4_2,8E9,Movies/Invasion of the Body Snatchers (1978),775701,6171286370
pi4_2,8E9,Movies/Iron Man (2008),4588689,6175875059
pi4_2,8E9,Movies/Iron Man 2 (2010),1683967,6177559026
pi4_2,8E9,Movies/Iron Man 3 (2013),4175745,6181734771
pi4_2,8E9,Movies/Island in the Sky (1953),1103985,6182838756
pi4_2,8E9,Movies/Isle of Dogs (2018),2230121,6185068877
pi4_2,8E9,Movies/It Happened One Night (1934),1719825,6186788702
pi4_2,8E9,Movies/It Happened on Fifth Avenue (1947),1626845,6188415547
pi4_2,8E9,Movies/It Should Happen To You (1954),1000130,6189415677
pi4_2,8E9,Movies/Its a Wonderful Life (1946),12600403,6202016080
pi4_2,8E9,Movies/Ivan The Terrible Part 1 (1944),731952,6202748032
pi4_2,8E9,Movies/Ivan The Terrible Part 2 (1944),735156,6203483188
pi4_2,8E9,Movies/J.R. Bob Dobbs and The Church of the SubGenius (2019),1679729,6205162917
pi4_2,8E9,Movies/Jacobs Ladder (1990),6386249,6211549166
pi4_2,8E9,Movies/Jaws (1975),9170470,6220719636
pi4_2,8E9,Movies/Jeanne Dielman 23 Commerce Quay 1080 Brussels (1975),10321994,6231041630
pi4_2,8E9,Movies/Jiro Dreams of Sushi (2011),10316065,6241357695
pi4_2,8E9,Movies/Johnny Got His Gun (1971),1729049,6243086744
pi4_2,8E9,Movies/Joker (2019),6190413,6249277157
pi4_2,8E9,Movies/Joyeux Noel (2005),5725854,6255003011
pi4_2,8E9,Movies/Judgement at Nuremberg (1961),956433,6255959444
pi4_2,8E9,Movies/Judy (2019),4180365,6260139809
pi4_2,8E9,Movies/Julie & Julia (2010),2046441,6262186250
pi4_2,8E9,Movies/Julius Caesar (1953),2425961,6264612211
pi4_2,8E9,Movies/Just One of the Guys (1985),3567081,6268179292
pi4_2,8E9,Movies/Kameradschaft (1931),715158,6268894450
pi4_2,8E9,Movies/Kapo (1959),1471185,6270365635
pi4_2,8E9,Movies/Keeper of the Flame (1942),850249,6271215884
pi4_2,8E9,Movies/Kes (1969),5870077,6277085961
pi4_2,8E9,Movies/Kin-dza-dza (1986),7561807,6284647768
pi4_2,8E9,Movies/King Solomons Mines (1950),1267809,6285915577
pi4_2,8E9,Movies/Kingsman - The Golden Circle (2017),7398257,6293313834
pi4_2,8E9,Movies/Kingsman - The Secret Service  (2014),15101609,6308415443
pi4_2,8E9,Movies/Kinky Boots (2005),2092297,6310507740
pi4_2,8E9,Movies/Kismet (1955),6303513,6316811253
pi4_2,8E9,Movies/Kiss Me Deadly (1955),8027169,6324838422
pi4_2,8E9,Movies/Koyaanisqatsi (1982),11670569,6336508991
pi4_2,8E9,Movies/Krisha (2015),3299087,6339808078
pi4_2,8E9,Movies/Kung Fury (2015),1920017,6341728095
pi4_2,8E9,Movies/L'Argent (1983),8788150,6350516245
pi4_2,8E9,Movies/L.A. Confidential (1997),791969,6351308214
pi4_2,8E9,Movies/LBJ (2016),8035853,6359344067
pi4_2,8E9,Movies/La Dolce Vita (1960),1604293,6360948360
pi4_2,8E9,Movies/La Jetee (1962),229339,6361177699
pi4_2,8E9,Movies/Lady Bird (2017),1478318,6362656017
pi4_2,8E9,Movies/Lady In A Cage (1964),1625825,6364281842
pi4_2,8E9,Movies/Lady for a Day (1933),6881945,6371163787
pi4_2,8E9,Movies/Lady in the Lake (1947),1187369,6372351156
pi4_2,8E9,Movies/Ladybird Ladybird (1994),1831641,6374182797
pi4_2,8E9,Movies/Land of the Blind (2006),4589730,6378772527
pi4_2,8E9,Movies/Land of the Dead (2005),7626146,6386398673
pi4_2,8E9,Movies/Last Night (1998),2378057,6388776730
pi4_2,8E9,Movies/Late Spring (1949),4627506,6393404236
pi4_2,8E9,Movies/Laura (1944),1998745,6395402981
pi4_2,8E9,Movies/Laurel Canyon (2002),1109250,6396512231
pi4_2,8E9,Movies/Lawrence of Arabia (1962),17295614,6413807845
pi4_2,8E9,Movies/Le Grande Illusion (1937),744894,6414552739
pi4_2,8E9,Movies/Le Jour Se Leve (1939),4646871,6419199610
pi4_2,8E9,Movies/Le Samourai (1967),2123601,6421323211
pi4_2,8E9,Movies/Leaving Las Vegas (1995),1557281,6422880492
pi4_2,8E9,Movies/Leaving Neverland (2019),1806417,6424686909
pi4_2,8E9,Movies/Leon The Professional (1994),5804328,6430491237
pi4_2,8E9,Movies/Let The Right One In (2008),3734489,6434225726
pi4_2,8E9,Movies/Leviathan (2012),3440669,6437666395
pi4_2,8E9,Movies/Life Itself (2014),5814877,6443481272
pi4_2,8E9,Movies/Light in the Piazza (1962),809794,6444291066
pi4_2,8E9,Movies/Little Big Man (1970),1088105,6445379171
pi4_2,8E9,Movies/Little Children (2006),8754198,6454133369
pi4_2,8E9,Movies/Little Fish (2021),1916037,6456049406
pi4_2,8E9,Movies/Little Man Tate (1991),1990081,6458039487
pi4_2,8E9,Movies/Little Man What Now (1934),1507845,6459547332
pi4_2,8E9,Movies/Little Women (1933),1437269,6460984601
pi4_2,8E9,Movies/Little Women (1994),8442297,6469426898
pi4_2,8E9,Movies/Lolita (1962),1336854,6470763752
pi4_2,8E9,Movies/Lone Star (1996),705001,6471468753
pi4_2,8E9,Movies/Long Shot (2017),2174794,6473643547
pi4_2,8E9,Movies/Looking for Richard (1996),1727249,6475370796
pi4_2,8E9,Movies/Lord of the Flies (1963),4654216,6480025012
pi4_2,8E9,Movies/Lord of the Flies (1990),1807185,6481832197
pi4_2,8E9,Movies/Lord of the Rings - Fellowship of the Ring (2001),8930433,6490762630
pi4_2,8E9,Movies/Lost Horizon (1937),1592761,6492355391
pi4_2,8E9,Movies/Lost In Translation (2003),2037481,6494392872
pi4_2,8E9,Movies/Lost in America (1985),4579849,6498972721
pi4_2,8E9,Movies/Love Actually (2003),3009017,6501981738
pi4_2,8E9,Movies/Loving (2016),4041906,6506023644
pi4_2,8E9,Movies/Lust Caution (2007),8302821,6514326465
pi4_2,8E9,Movies/M (1931),1434882,6515761347
pi4_2,8E9,Movies/MASH (1970),9180086,6524941433
pi4_2,8E9,Movies/Mad Max 2 The Road Warrior (1981),4089186,6529030619
pi4_2,8E9,Movies/Mad Max Fury Road (2015),6404949,6535435568
pi4_2,8E9,Movies/Made in Dagenham (2010),5737626,6541173194
pi4_2,8E9,Movies/Madelines madeline (2018),4586769,6545759963
pi4_2,8E9,Movies/Major Barbara (1941),1251029,6547010992
pi4_2,8E9,Movies/Manchester by the Sea (2016),8299353,6555310345
pi4_2,8E9,Movies/Marathon Man (1976),913521,6556223866
pi4_2,8E9,Movies/Marwencol (2010),713714,6556937580
pi4_2,8E9,Movies/Mary Mary (1977),716934,6557654514
pi4_2,8E9,Movies/Massacre (1934),556714,6558211228
pi4_2,8E9,Movies/Master and Commander The Far Side of the World (2003),8313193,6566524421
pi4_2,8E9,Movies/Matewan (1987),3844646,6570369067
pi4_2,8E9,Movies/Maudie (2016),5734801,6576103868
pi4_2,8E9,Movies/Maurice (1987),2808297,6578912165
pi4_2,8E9,Movies/McCabe And Mrs. Miller (1971),5790671,6584702836
pi4_2,8E9,Movies/Me and My Gal (1932),1197374,6585900210
pi4_2,8E9,Movies/Me and You and Everyone We Know (2005),6711227,6592611437
pi4_2,8E9,Movies/Meet Me in St Louis (1944),5734545,6598345982
pi4_2,8E9,Movies/Melancholia (2011),7335621,6605681603
pi4_2,8E9,Movies/Memento (2000),2728581,6608410184
pi4_2,8E9,Movies/Memories of Murder (2003),8348273,6616758457
pi4_2,8E9,Movies/Memphis Belle (1990),1124238,6617882695
pi4_2,8E9,Movies/Men in War (1957),2056449,6619939144
pi4_2,8E9,Movies/Metropolis (1927),11537886,6631477030
pi4_2,8E9,Movies/Michael Clayton (2007),4588049,6636065079
pi4_2,8E9,Movies/Midnight (1939),920445,6636985524
pi4_2,8E9,Movies/Midnight Mary (1933),1488497,6638474021
pi4_2,8E9,Movies/Midnights Children (2012),6865050,6645339071
pi4_2,8E9,Movies/Mighty Ira (2020),1978305,6647317376
pi4_2,8E9,Movies/Minority Report (2002),11595521,6658912897
pi4_2,8E9,Movies/Miracle Mile (1988),9266393,6668179290
pi4_2,8E9,Movies/Miracle on 34th Street (1947),8529512,6676708802
pi4_2,8E9,Movies/Miss Pettigrew Lives for a Day (2008),4638279,6681347081
pi4_2,8E9,Movies/Miss Potter (2006),4585361,6685932442
pi4_2,8E9,Movies/Mister 880 (1950),882141,6686814583
pi4_2,8E9,Movies/Mister Magoos Christmas Carol (1962),252209,6687066792
pi4_2,8E9,Movies/Modern Times (1936),3476197,6690542989
pi4_2,8E9,Movies/Mon Oncle d'Amerique (1980),1423070,6691966059
pi4_2,8E9,Movies/Monsieur Verdoux (1947),1739782,6693705841
pi4_2,8E9,Movies/Moog (2004),726547,6694432388
pi4_2,8E9,Movies/Moonrise Kingdom (2012),836929,6695269317
pi4_2,8E9,Movies/Morgan (2016),2174722,6697444039
pi4_2,8E9,Movies/Mozart's Sister (2010),6432226,6703876265
pi4_2,8E9,Movies/Mozart's Sister (2011),6432105,6710308370
pi4_2,8E9,Movies/Mr Smith Goes To Washington (1939),2709046,6713017416
pi4_2,8E9,Movies/Mr. Belvedere Goes To College (1949),887670,6713905086
pi4_2,8E9,Movies/Mr. Blandings Builds His Dream House (1948),1181122,6715086208
pi4_2,8E9,Movies/Mrs Henderson Presents (2005),717642,6715803850
pi4_2,8E9,Movies/Mrs Miniver (1942),1555365,6717359215
pi4_2,8E9,Movies/Mrs. Palfrey at the Claremont (2005),1139090,6718498305
pi4_2,8E9,Movies/Mulberry Street (2006),717050,6719215355
pi4_2,8E9,Movies/Mulholland Drive (2001),4195209,6723410564
pi4_2,8E9,Movies/Murder Ahoy (1964),1087081,6724497645
pi4_2,8E9,Movies/Murder Most Foul (1964),2751937,6727249582
pi4_2,8E9,Movies/Murder My Sweet (1944),940417,6728189999
pi4_2,8E9,Movies/Murder On The Orient Express (1974),2056830,6730246829
pi4_2,8E9,Movies/Murder She Said (1961),3308745,6733555574
pi4_2,8E9,Movies/Murder at the Gallop (1963),2527273,6736082847
pi4_2,8E9,Movies/Murder by Contract (1958),983201,6737066048
pi4_2,8E9,Movies/My Cousin Rachel (2017),5734558,6742800606
pi4_2,8E9,Movies/My Cousin Vinny (1992),3503417,6746304023
pi4_2,8E9,Movies/My Family (1995),1888533,6748192556
pi4_2,8E9,Movies/My Favorite Blonde (1942),1148181,6749340737
pi4_2,8E9,Movies/My Favorite Brunette (1947),1768006,6751108743
pi4_2,8E9,Movies/My Friend Dahmer (2017),3857577,6754966320
pi4_2,8E9,Movies/My Life As A Dog (1985),4630735,6759597055
pi4_2,8E9,Movies/My Man Godfrey (1936),783133,6760380188
pi4_2,8E9,Movies/My Name Is Joe (1998),779174,6761159362
pi4_2,8E9,Movies/My Name Is Julia Ross (1945),611369,6761770731
pi4_2,8E9,Movies/My Son John (1952),2446449,6764217180
pi4_2,8E9,Movies/Mystery Street (1950),1004081,6765221261
pi4_2,8E9,Movies/Naqoyqatsi (2002),6881442,6772102703
pi4_2,8E9,Movies/Nashville (1975),3214585,6775317288
pi4_2,8E9,Movies/Native Land (1942),732637,6776049925
pi4_2,8E9,Movies/Naughty Marietta (1935),1510533,6777560458
pi4_2,8E9,Movies/Nazi Titanic Documentary (2012),2201888,6779762346
pi4_2,8E9,Movies/Never Rarely Sometimes Always (2020),5368345,6785130691
pi4_2,8E9,Movies/Niagara (1953),2656397,6787787088
pi4_2,8E9,Movies/Night Moves (1975),9023289,6796810377
pi4_2,8E9,Movies/Night Nurse (1931),520425,6797330802
pi4_2,8E9,Movies/Night of the Creeps (1986),1140629,6798471431
pi4_2,8E9,Movies/Night of the Living Dead (1968),8195857,6806667288
pi4_2,8E9,Movies/Night on Earth (1991),8256697,6814923985
pi4_2,8E9,Movies/Nightfall (1957),925817,6815849802
pi4_2,8E9,Movies/Ninotchka (1939),3530953,6819380755
pi4_2,8E9,Movies/Nixon (1995),1104915,6820485670
pi4_2,8E9,Movies/No Country for Old Men (2007),9748636,6830234306
pi4_2,8E9,Movies/No Highway In The Sky (1951),1435345,6831669651
pi4_2,8E9,Movies/No Way Out (1987),6883609,6838553260
pi4_2,8E9,Movies/Nomadland (2020),2630209,6841183469
pi4_2,8E9,Movies/Norma Rae (1979),7017729,6848201198
pi4_2,8E9,Movies/North By Northwest (1959),1434841,6849636039
pi4_2,8E9,Movies/North Country (2005),2278459,6851914498
pi4_2,8E9,Movies/Nosferatu (1922),1431117,6853345615
pi4_2,8E9,Movies/Notes on a Scandal (2006),4682363,6858027978
pi4_2,8E9,Movies/Nothing Like The Holidays (2008),2803970,6860831948
pi4_2,8E9,Movies/Notorious (1946),983585,6861815533
pi4_2,8E9,Movies/Notorious RBG (2018),7226889,6869042422
pi4_2,8E9,Movies/Of Human Bondage (1934),1829465,6870871887
pi4_2,8E9,Movies/Of Mice and Men (1939),1240909,6872112796
pi4_2,8E9,Movies/Office Space (1999),2267258,6874380054
pi4_2,8E9,Movies/Old Joy (2006),7953525,6882333579
pi4_2,8E9,Movies/Oliver Twist (1948),5733657,6888067236
pi4_2,8E9,Movies/On Dangerous Ground (1951),5087000,6893154236
pi4_2,8E9,Movies/On The Beach (1959),2051049,6895205285
pi4_2,8E9,Movies/On The Sunny Side (1942),1012533,6896217818
pi4_2,8E9,Movies/On the Waterfront (1954),7456793,6903674611
pi4_2,8E9,Movies/Once Upon a Time in the West (1968),1240521,6904915132
pi4_2,8E9,Movies/One Cut of the Dead (2017),7733977,6912649109
pi4_2,8E9,Movies/Only Angels Have Wings (1939),1323145,6913972254
pi4_2,8E9,Movies/Open City (1945),994345,6914966599
pi4_2,8E9,Movies/Opening Night (1977),5963569,6920930168
pi4_2,8E9,Movies/Operation Dunkirk (2017),3873201,6924803369
pi4_2,8E9,Movies/Orlando (1992),4582034,6929385403
pi4_2,8E9,Movies/Oslo August 31st (2011),9344174,6938729577
pi4_2,8E9,Movies/Other Men's Women (1931),724337,6939453914
pi4_2,8E9,Movies/Our Daily Bread (1934),306009,6939759923
pi4_2,8E9,Movies/Out of the Past (1947),5425638,6945185561
pi4_2,8E9,Movies/Pain and Gain (2013),2936141,6948121702
pi4_2,8E9,Movies/Pale Flower (1964),4586922,6952708624
pi4_2,8E9,Movies/Pale Rider (1985),5735441,6958444065
pi4_2,8E9,Movies/Pan's Labyrinth (2006),5269857,6963713922
pi4_2,8E9,Movies/Pandorum (2009),19024018,6982737940
pi4_2,8E9,Movies/ParaNorman (2012),8340341,6991078281
pi4_2,8E9,Movies/Parasite (2019),9719057,7000797338
pi4_2,8E9,Movies/Pather Panchali (1955),724085,7001521423
pi4_2,8E9,Movies/Paths Of Glory (1957),9718798,7011240221
pi4_2,8E9,Movies/Patton (1970),1325334,7012565555
pi4_2,8E9,Movies/Pee Wees Playhouse Christmas Special (1988),4588177,7017153732
pi4_2,8E9,Movies/Pee-Wees Big Holiday (2016),2941934,7020095666
pi4_2,8E9,Movies/Pee-wees Big Adventure (1985),6943046,7027038712
pi4_2,8E9,Movies/Peeping Tom (1960),1288818,7028327530
pi4_2,8E9,Movies/Peggy Sue Got Married (1986),4598455,7032925985
pi4_2,8E9,Movies/People Will Talk (1951),3522914,7036448899
pi4_2,8E9,Movies/Perfect Blue (1997),11430025,7047878924
pi4_2,8E9,Movies/Persona (1966),1635514,7049514438
pi4_2,8E9,Movies/Persuasion (1995),11285417,7060799855
pi4_2,8E9,Movies/Peyton Place (1957),1042889,7061842744
pi4_2,8E9,Movies/Phone Booth (2002),5852573,7067695317
pi4_2,8E9,Movies/Pickpocket (1959),5932953,7073628270
pi4_2,8E9,Movies/Pink Floyd's The Wall (1982),1965617,7075593887
pi4_2,8E9,Movies/Pinocchio (1940),3137473,7078731360
pi4_2,8E9,Movies/Planes Trains and Automobiles (1987),782361,7079513721
pi4_2,8E9,Movies/Planet Terror (2007),2112161,7081625882
pi4_2,8E9,Movies/Planet of the Apes (1968),6884761,7088510643
pi4_2,8E9,Movies/Playtime (1967),2322337,7090832980
pi4_2,8E9,Movies/Polyester (1981),1598339,7092431319
pi4_2,8E9,Movies/Pontypool (2008),3326529,7095757848
pi4_2,8E9,Movies/Post Tenebras Lux (2012),5724195,7101482043
pi4_2,8E9,Movies/Powaqqatsi (1988),8584081,7110066124
pi4_2,8E9,Movies/Prancer (1989),1041919,7111108043
pi4_2,8E9,Movies/Precious (2009),2604410,7113712453
pi4_2,8E9,Movies/Presumed Innocent (1990),3175922,7116888375
pi4_2,8E9,Movies/Pride (2014),1922065,7118810440
pi4_2,8E9,Movies/Prince of Broadway (2010),720123,7119530563
pi4_2,8E9,Movies/Prizzis Honor (1985),8335098,7127865661
pi4_2,8E9,Movies/Professor Marston and the Wonder Women (2017),4586782,7132452443
pi4_2,8E9,Movies/Psycho (1960),6879889,7139332332
pi4_2,8E9,Movies/Pulp Fiction (1994),3212793,7142545125
pi4_2,8E9,Movies/Purple Noon (1960),2354105,7144899230
pi4_2,8E9,Movies/Pushing Hands (1992),6881839,7151781069
pi4_2,8E9,Movies/Pushover (1954),1087209,7152868278
pi4_2,8E9,Movies/Quarantine (2008),16076520,7168944798
pi4_2,8E9,Movies/Quartet (1948),1683697,7170628495
pi4_2,8E9,Movies/Queen Margot (1994),6879370,7177507865
pi4_2,8E9,Movies/Quest for Love (1971),716009,7178223874
pi4_2,8E9,Movies/Quiz Show (1994),912523,7179136397
pi4_2,8E9,Movies/REC (2007),4661342,7183797739
pi4_2,8E9,Movies/Rabid (1977),8452748,7192250487
pi4_2,8E9,Movies/Rachel Rachel (1968),724895,7192975382
pi4_2,8E9,Movies/Radioactive (2019),3950569,7196925951
pi4_2,8E9,Movies/Raging Bull (1980),1435300,7198361251
pi4_2,8E9,Movies/Raiders of the Lost Ark (1981),5437678,7203798929
pi4_2,8E9,Movies/Ran (1985),11473466,7215272395
pi4_2,8E9,Movies/Random Harvest (1942),1075425,7216347820
pi4_2,8E9,Movies/Rango (2011),1049285,7217397105
pi4_2,8E9,Movies/Rare Exports (2010),1557851,7218954956
pi4_2,8E9,Movies/Rashomon (1950),9608649,7228563605
pi4_2,8E9,Movies/Rat Film (2016),7487158,7236050763
pi4_2,8E9,Movies/Ray's Male Heterosexual Dance Hall (1987),65457,7236116220
pi4_2,8E9,Movies/Real Life (1979),1535001,7237651221
pi4_2,8E9,Movies/Rebecca (1940),1131393,7238782614
pi4_2,8E9,Movies/Rec 3 Genesis (2012),753342,7239535956
pi4_2,8E9,Movies/Red Cliff (2008),6883498,7246419454
pi4_2,8E9,Movies/Red Nightmare (1962),152817,7246572271
pi4_2,8E9,Movies/Red Nose Day Actually (2017),272111,7246844382
pi4_2,8E9,Movies/Red Rock West (1993),5799840,7252644222
pi4_2,8E9,Movies/Red Tails (2012),1586762,7254230984
pi4_2,8E9,Movies/Red-Headed Woman (1932),858953,7255089937
pi4_2,8E9,Movies/Regeneration (1915),741897,7255831834
pi4_2,8E9,Movies/Regeneration (1997),1418945,7257250779
pi4_2,8E9,Movies/Reign of Terror (1949),782373,7258033152
pi4_2,8E9,Movies/Remember the Night (1940),812341,7258845493
pi4_2,8E9,Movies/Repo Man (1984),12197431,7271042924
pi4_2,8E9,Movies/Requiem For Detroit (2013),492906,7271535830
pi4_2,8E9,Movies/Requiem for the American Dream (2015),2332721,7273868551
pi4_2,8E9,Movies/Revolutionary Road (2008),4590609,7278459160
pi4_2,8E9,Movies/Richard III (1995),4640241,7283099401
pi4_2,8E9,Movies/Rififi (1955),1437494,7284536895
pi4_2,8E9,Movies/Right At Your Door (2006),8420923,7292957818
pi4_2,8E9,Movies/Right Now Wrong Then (2015),9177505,7302135323
pi4_2,8E9,Movies/Rise of the Planet of the Apes (2011),2994542,7305129865
pi4_2,8E9,Movies/Road to Bali (1952),1110110,7306239975
pi4_2,8E9,Movies/Road to Morocco (1942),1273953,7307513928
pi4_2,8E9,Movies/Robot and Frank (2012),1781697,7309295625
pi4_2,8E9,Movies/Rock N Roll High School (1979),6881170,7316176795
pi4_2,8E9,Movies/Roger and Me (1989),719985,7316896780
pi4_2,8E9,Movies/Roma (2018),4392721,7321289501
pi4_2,8E9,Movies/Rope (1948),4538097,7325827598
pi4_2,8E9,Movies/Rudolph the Red-Nosed Reindeer (1964),3219065,7329046663
pi4_2,8E9,Movies/Runaway Jury (2003),1207251,7330253914
pi4_2,8E9,Movies/Running With Scissors (2006),545012,7330798926
pi4_2,8E9,Movies/Rushmore (1998),6224217,7337023143
pi4_2,8E9,Movies/Salesman (1969),1088621,7338111764
pi4_2,8E9,Movies/Sansho the Bailiff (1954),8027483,7346139247
pi4_2,8E9,Movies/Saturday Night Fever (1977),5191002,7351330249
pi4_2,8E9,Movies/Saturday Night and Sunday Morning (1960),8452186,7359782435
pi4_2,8E9,Movies/Scarecrow (1973),3413389,7363195824
pi4_2,8E9,Movies/Scarface (1932),5426261,7368622085
pi4_2,8E9,Movies/Scott Pilgrim vs the World (2010),1869937,7370492022
pi4_2,8E9,Movies/Scrooge (1970),1077477,7371569499
pi4_2,8E9,Movies/Scrooged (1988),3275821,7374845320
pi4_2,8E9,Movies/Second Best Marigold Hotel (2015),5842281,7380687601
pi4_2,8E9,Movies/Secrets and Lies (1996),5675390,7386362991
pi4_2,8E9,Movies/Serpico (1973),2604897,7388967888
pi4_2,8E9,Movies/Seven (1995),1434692,7390402580
pi4_2,8E9,Movies/Seven Days in May (1964),8093984,7398496564
pi4_2,8E9,Movies/Seven Little Foys (1955),913397,7399409961
pi4_2,8E9,Movies/Seven Samurai (1954),4232893,7403642854
pi4_2,8E9,Movies/Seven Up (1964),1040449,7404683303
pi4_2,8E9,Movies/Shadow of a Doubt (1943),2047721,7406731024
pi4_2,8E9,Movies/Shadowlands (1993),4468945,7411199969
pi4_2,8E9,Movies/Shaun of the Dead (2004),4183041,7415383010
pi4_2,8E9,Movies/Shine (1996),24283166,7439666176
pi4_2,8E9,Movies/Ship of Fools (1965),2992237,7442658413
pi4_2,8E9,Movies/Shivers (1975),1758633,7444417046
pi4_2,8E9,Movies/Sicko (2007),4716810,7449133856
pi4_2,8E9,Movies/Side Street (1949),542841,7449676697
pi4_2,8E9,Movies/Sideways (2004),9180449,7458857146
pi4_2,8E9,Movies/Silent Running (1972),1524873,7460382019
pi4_2,8E9,Movies/Silkwood (1983),696673,7461078692
pi4_2,8E9,Movies/Since You Went Away (1944),1735854,7462814546
pi4_2,8E9,Movies/Singin' in the Rain (1952),5022137,7467836683
pi4_2,8E9,Movies/Sister Act (1992),3492251,7471328934
pi4_2,8E9,Movies/Sister Act 2 - Back in the Habit (1993),4587363,7475916297
pi4_2,8E9,Movies/Sitting Pretty (1948),1201090,7477117387
pi4_2,8E9,Movies/Skyfall (2012),8028449,7485145836
pi4_2,8E9,Movies/Slacker (1991),12296657,7497442493
pi4_2,8E9,Movies/Slither (2006),7230473,7504672966
pi4_2,8E9,Movies/Slumdog Millionaire (2008),2415213,7507088179
pi4_2,8E9,Movies/Smile (1975),710394,7507798573
pi4_2,8E9,Movies/Snow Angels (2007),4581561,7512380134
pi4_2,8E9,Movies/Snowden (2016),6102465,7518482599
pi4_2,8E9,Movies/Snowpiercer (2013),6732977,7525215576
pi4_2,8E9,Movies/So Proudly We Hail (1943),989522,7526205098
pi4_2,8E9,Movies/Solaris (1972),9468314,7535673412
pi4_2,8E9,Movies/Solaris (2002),4583569,7540256981
pi4_2,8E9,Movies/Some Kind of Heaven (2020),1656673,7541913654
pi4_2,8E9,Movies/Some Like It Hot (1959),984097,7542897751
pi4_2,8E9,Movies/Something The Lord Made (2004),758258,7543656009
pi4_2,8E9,Movies/Sommersby (1993),2268809,7545924818
pi4_2,8E9,Movies/Son of Frankenstein (1939),1699465,7547624283
pi4_2,8E9,Movies/Sorry We Missed You (2019),4626089,7552250372
pi4_2,8E9,Movies/Sorry to Bother You (2018),8336369,7560586741
pi4_2,8E9,Movies/South Pacific (1958),1629137,7562215878
pi4_2,8E9,Movies/Southern Comfort (1981),4120921,7566336799
pi4_2,8E9,Movies/Soy Cuba (1964),1022430,7567359229
pi4_2,8E9,Movies/Soy Cuba (DVD) (1964),1436568,7568795797
pi4_2,8E9,Movies/Soylent Green (1973),5252061,7574047858
pi4_2,8E9,Movies/Spanglish (2004),4205610,7578253468
pi4_2,8E9,Movies/Spartacus (1960),3938801,7582192269
pi4_2,8E9,Movies/Speed Racer (2008),6641521,7588833790
pi4_2,8E9,Movies/Spies [Spione] (1928),1526058,7590359848
pi4_2,8E9,Movies/Spirited Away (2001),2680977,7593040825
pi4_2,8E9,Movies/Splendor in the Grass (1961),9012529,7602053354
pi4_2,8E9,Movies/Splinter (2008),4586054,7606639408
pi4_2,8E9,Movies/Split Second (1953),503769,7607143177
pi4_2,8E9,Movies/Stagecoach (1939),4586385,7611729562
pi4_2,8E9,Movies/Stalag-17 (1953),1266145,7612995707
pi4_2,8E9,Movies/Stalker (1979),8024374,7621020081
pi4_2,8E9,Movies/Stand And Deliver (1988),3068594,7624088675
pi4_2,8E9,Movies/Stanley and Livingstone (1939),1191106,7625279781
pi4_2,8E9,Movies/Star Trek (2009),1050844,7626330625
pi4_2,8E9,Movies/Star Trek - Beyond (2016),4194417,7630525042
pi4_2,8E9,Movies/Star Trek - First Contact (1996),1620041,7632145083
pi4_2,8E9,Movies/Star Trek - Insurrection (1998),1978177,7634123260
pi4_2,8E9,Movies/Star Trek - Into Darkness (2013),2215278,7636338538
pi4_2,8E9,Movies/Star Trek - Nemesis (2002),1860337,7638198875
pi4_2,8E9,Movies/Star Trek - The Motion Picture (1979),6514539,7644713414
pi4_2,8E9,Movies/Star Trek Generations (1994),2103453,7646816867
pi4_2,8E9,Movies/Star Trek II - The Wrath Of Khan (1982),8337777,7655154644
pi4_2,8E9,Movies/Star Trek III - The Search for Spock (1984),6875793,7662030437
pi4_2,8E9,Movies/Star Trek IV - The Voyage Home (1986),8338161,7670368598
pi4_2,8E9,Movies/Star Trek V - The Final Frontier (1989),6877329,7677245927
pi4_2,8E9,Movies/Star Trek VI - The Undiscovered Country (1991),2200409,7679446336
pi4_2,8E9,Movies/Star Wars - The Last Jedi (2017),8372737,7687819073
pi4_2,8E9,Movies/Star Wars Episode I - The Phantom Menace (1999),6891545,7694710618
pi4_2,8E9,Movies/Star Wars Episode II - Attack of the Clones (2002),6888345,7701598963
pi4_2,8E9,Movies/Star Wars Episode III - Revenge of the Sith (2005),6886937,7708485900
pi4_2,8E9,Movies/Star Wars Episode IV - A New Hope (1977),6890393,7715376293
pi4_2,8E9,Movies/Star Wars Episode V - The Empire Strikes Back (1980),6555321,7721931614
pi4_2,8E9,Movies/Star Wars Episode VI - Return Of The Jedi (1983),6937913,7728869527
pi4_2,8E9,Movies/Star Wars VII - The Force Awakens (2015),4071898,7732941425
pi4_2,8E9,Movies/Starlet (2012),1308682,7734250107
pi4_2,8E9,Movies/State of Siege (1972),8332030,7742582137
pi4_2,8E9,Movies/Stepmom (1998),667985,7743250122
pi4_2,8E9,Movies/Still Mine (2012),620734,7743870856
pi4_2,8E9,Movies/Storyville - The Internet's Own Boy (2015),1252322,7745123178
pi4_2,8E9,Movies/Stranger Than Paradise (1984),743160,7745866338
pi4_2,8E9,Movies/Strangers On A Train (1951),873689,7746740027
pi4_2,8E9,Movies/Straw Dogs (1971),1964849,7748704876
pi4_2,8E9,Movies/Sullivans Travels (1941),1305593,7750010469
pi4_2,8E9,Movies/Sully (2016),6251513,7756261982
pi4_2,8E9,Movies/Sunset Boulevard (1950),8026913,7764288895
pi4_2,8E9,Movies/Sunset Song (2015),5734813,7770023708
pi4_2,8E9,Movies/Survival of the Dead (2009),8335849,7778359557
pi4_2,8E9,Movies/Suspicion (1941),4584977,7782944534
pi4_2,8E9,Movies/Sweet November (1968),1454694,7784399228
pi4_2,8E9,Movies/Sweet Smell of Success (1957),1934105,7786333333
pi4_2,8E9,Movies/Synecdoche New York (2008),2735673,7789069006
pi4_2,8E9,Movies/Talladega Nights - The Ballad of Ricky Bobby (2006),4589337,7793658343
pi4_2,8E9,Movies/Tampopo (1985),4586897,7798245240
pi4_2,8E9,Movies/Tangerine (2015),1076205,7799321445
pi4_2,8E9,Movies/Taxi Driver (1976),4588305,7803909750
pi4_2,8E9,Movies/Tea with Mussolini (1999),3280305,7807190055
pi4_2,8E9,Movies/Tension (1949),782105,7807972160
pi4_2,8E9,Movies/Terence Davies Distant Voices Still Lives (1988),4950348,7812922508
pi4_2,8E9,Movies/Testament of Youth (2014),9175329,7822097837
pi4_2,8E9,Movies/That Gal Who Was in That Thing (2015),1122306,7823220143
pi4_2,8E9,Movies/That Guy Who Was In That Thing (2012),7586426,7830806569
pi4_2,8E9,Movies/The 36th Chamber of Shaolin (1978),5193001,7835999570
pi4_2,8E9,Movies/The 39 Steps (1935),1494029,7837493599
pi4_2,8E9,Movies/The 400 Blows (1959),6943771,7844437370
pi4_2,8E9,Movies/The Accidental Tourist (1988),3752941,7848190311
pi4_2,8E9,Movies/The Act of Killing (2012),4602534,7852792845
pi4_2,8E9,Movies/The Addiction (1995),7709257,7860502102
pi4_2,8E9,Movies/The Adventures of Huckleberry Finn (1939),1180004,7861682106
pi4_2,8E9,Movies/The Adventures of Sherlock Holmes (1939),520041,7862202147
pi4_2,8E9,Movies/The Adventures of Tom Sawyer (1938),714985,7862917132
pi4_2,8E9,Movies/The African Queen (1951),1435187,7864352319
pi4_2,8E9,Movies/The American Friend (1977),5728504,7870080823
pi4_2,8E9,Movies/The American President (1995),869107,7870949930
pi4_2,8E9,Movies/The Americanization of Emily (1964),1938977,7872888907
pi4_2,8E9,Movies/The Andromeda Strain (1971),6051817,7878940724
pi4_2,8E9,Movies/The Apartment (1960),2936261,7881876985
pi4_2,8E9,Movies/The Asphalt Jungle (1950),848713,7882725698
pi4_2,8E9,Movies/The Atomic Cafe (1982),742033,7883467731
pi4_2,8E9,Movies/The Aviator (2004),987199,7884454930
pi4_2,8E9,Movies/The Awful Truth (1937),2835193,7887290123
pi4_2,8E9,Movies/The Bands Visit (2007),4226255,7891516378
pi4_2,8E9,Movies/The Battle Of Algiers (1966),2431345,7893947723
pi4_2,8E9,Movies/The Bay (2012),3445934,7897393657
pi4_2,8E9,Movies/The Best Exotic Marigold Hotel (2011),3845841,7901239498
pi4_2,8E9,Movies/The Best Man (1964),1434581,7902674079
pi4_2,8E9,Movies/The Best Years of our Lives (1946),14981345,7917655424
pi4_2,8E9,Movies/The Best of Bugs Bunny (2012),4182956,7921838380
pi4_2,8E9,Movies/The Bicycle Thief (1948),4587941,7926426321
pi4_2,8E9,Movies/The Big City (1963),5741944,7932168265
pi4_2,8E9,Movies/The Big Clock (1948),6956336,7939124601
pi4_2,8E9,Movies/The Big Heat (1953),1997274,7941121875
pi4_2,8E9,Movies/The Big Lebowski (1998),2940609,7944062484
pi4_2,8E9,Movies/The Big Parade (1925),2250617,7946313101
pi4_2,8E9,Movies/The Big Sleep (1946),7050394,7953363495
pi4_2,8E9,Movies/The Big Steal (1949),949897,7954313392
pi4_2,8E9,Movies/The Birdcage (1996),1512830,7955826222
pi4_2,8E9,Movies/The Bishops Wife (1947),4646300,7960472522
pi4_2,8E9,Movies/The Bitter Tears of Petra von Kant (1972),4587674,7965060196
pi4_2,8E9,Movies/The Black Shield Of Falworth (1954),939432,7965999628
pi4_2,8E9,Movies/The Blair Witch Project (1999),4587713,7970587341
pi4_2,8E9,Movies/The Body Snatcher (1945),3659185,7974246526
pi4_2,8E9,Movies/The Boxtrolls (2014),5887613,7980134139
pi4_2,8E9,Movies/The Boys From Brazil (1978),1582918,7981717057
pi4_2,8E9,Movies/The Bridge (1959),5766974,7987484031
pi4_2,8E9,Movies/The Bridge (2006),2193498,7989677529
pi4_2,8E9,Movies/The Bridge at San Luis Rey (1944),1054545,7990732074
pi4_2,8E9,Movies/The Bridge of Spies (2015),965529,7991697603
pi4_2,8E9,Movies/The Brothers Rico (1957),657481,7992355084
pi4_2,8E9,Movies/The Burglar (Film Noir Series) - 1957,945289,7993300373
pi4_2,8E9,Movies/The Butcher Boy (1997),717310,7994017683
pi3_2,4E9,Movies/The Cabin in the Woods (2011),8333805,8333805
pi3_2,4E9,Movies/The Cabinet of Dr. Caligari (1920),3437585,11771390
pi3_2,4E9,Movies/The Caine Mutiny (1954),9238203,21009593
pi3_2,4E9,Movies/The Case Of The Velvet Claws (1936),339569,21349162
pi3_2,4E9,Movies/The Chamber (1996),1147435,22496597
pi3_2,4E9,Movies/The Cider House Rules (1999),2297650,24794247
pi3_2,4E9,Movies/The Citadel (1938),1355549,26149796
pi3_2,4E9,Movies/The Client (1994),2417249,28567045
pi3_2,4E9,Movies/The Collector (1965),4633628,33200673
pi3_2,4E9,Movies/The Concorde Airport 79 (1979),1167641,34368314
pi3_2,4E9,Movies/The Confession (1970),13855247,48223561
pi3_2,4E9,Movies/The Conformist (1970),8027297,56250858
pi3_2,4E9,Movies/The Conversation (1974),2277505,58528363
pi3_2,4E9,Movies/The Cranes are Flying (1957),734685,59263048
pi3_2,4E9,Movies/The Crazies (1973),6854273,66117321
pi3_2,4E9,Movies/The Crazies (2010),8933633,75050954
pi3_2,4E9,Movies/The Crowd (1928),1648741,76699695
pi3_2,4E9,Movies/The Da Vinci Code (2006),4103773,80803468
pi3_2,4E9,Movies/The Darjeeling Limited (2007),4536433,85339901
pi3_2,4E9,Movies/The Dark Knight (2008),985121,86325022
pi3_2,4E9,Movies/The Dark Knight Rises (2012),3013903,89338925
pi3_2,4E9,Movies/The Dark at the Top of the Stairs (1960),1019598,90358523
pi3_2,4E9,Movies/The Day After (1983),11461793,101820316
pi3_2,4E9,Movies/The Day After Tomorrow (2004),6860194,108680510
pi3_2,4E9,Movies/The Day Of The Triffids (1962),719729,109400239
pi3_2,4E9,Movies/The Day of the Jackal (1973),1107573,110507812
pi3_2,4E9,Movies/The Day the Earth Caught Fire (1961),1103985,111611797
pi3_2,4E9,Movies/The Day the Earth Stood Still (1951),829753,112441550
pi3_2,4E9,Movies/The Day the Earth Stood Still (2008),1103089,113544639
pi3_2,4E9,Movies/The Dead Zone (1983),4193817,117738456
pi3_2,4E9,Movies/The Death of Stalin (2017),2496409,120234865
pi3_2,4E9,Movies/The Descendants (2011),883631,121118496
pi3_2,4E9,Movies/The Disaster Artist (2017),8028577,129147073
pi3_2,4E9,Movies/The Discreet Charm of the Bourgeoisie (1972),9336241,138483314
pi3_2,4E9,Movies/The Divorcee (1930),792225,139275539
pi3_2,4E9,Movies/The Doctor (1991),895037,140170576
pi3_2,4E9,Movies/The Dressmaker (2015),1052510,141223086
pi3_2,4E9,Movies/The Egg and I (1947),717446,141940532
pi3_2,4E9,Movies/The Emigrants (1971),9236360,151176892
pi3_2,4E9,Movies/The Englishman Who Went Up a Hill but Came Down a Mountain (1995),1924377,153101269
pi3_2,4E9,Movies/The Family Man (2000),2233841,155335110
pi3_2,4E9,Movies/The Family Stone (2005),6063292,161398402
pi3_2,4E9,Movies/The Father (2020),4078657,165477059
pi3_2,4E9,Movies/The Flight of the Phoenix (1965),1856122,167333181
pi3_2,4E9,Movies/The Flight of the Phoenix (2004),770893,168104074
pi3_2,4E9,Movies/The Florida Project (2017),4015626,172119700
pi3_2,4E9,Movies/The Flu (2013),3566079,175685779
pi3_2,4E9,Movies/The Fly (1958),2002889,177688668
pi3_2,4E9,Movies/The Fog (1980),6244329,183932997
pi3_2,4E9,Movies/The Founder (2016),15148379,199081376
pi3_2,4E9,Movies/The Four Feathers (1939),2828169,201909545
pi3_2,4E9,Movies/The French Connection (1971),10223585,212133130
pi3_2,4E9,Movies/The French Lieutenants Woman (1981),16054705,228187835
pi3_2,4E9,Movies/The Freshman (1990),718210,228906045
pi3_2,4E9,Movies/The Friends of Eddie Coyle (1973),4614184,233520229
pi3_2,4E9,Movies/The Front (1976),4649629,238169858
pi3_2,4E9,Movies/The Fugitive (1947),917361,239087219
pi3_2,4E9,Movies/The Fugitive (1993),1367999,240455218
pi3_2,4E9,Movies/The General (1926),5733797,246189015
pi3_2,4E9,Movies/The Ghost Breakers (1940),717813,246906828
pi3_2,4E9,Movies/The Girl with All the Gifts (2016),3167577,250074405
pi3_2,4E9,Movies/The Go Between (1970),1117982,251192387
pi3_2,4E9,Movies/The Godfather (1972),8338686,259531073
pi3_2,4E9,Movies/The Gold Rush (1925),5542161,265073234
pi3_2,4E9,Movies/The Good the Bad and the Ugly (1966),3774069,268847303
pi3_2,4E9,Movies/The Graduate (1967),2564383,271411686
pi3_2,4E9,Movies/The Grand Budapest Hotel (2014),3135041,274546727
pi3_2,4E9,Movies/The Grapes of Death (1978),3466567,278013294
pi3_2,4E9,Movies/The Great Escape (1963),1223233,279236527
pi3_2,4E9,Movies/The Great Gatsby (1949),1600073,280836600
pi3_2,4E9,Movies/The Great Gatsby (1974),2869277,283705877
pi3_2,4E9,Movies/The Great Gatsby (2013),3964529,287670406
pi3_2,4E9,Movies/The Green Years (1946),1432269,289102675
pi3_2,4E9,Movies/The Grey (2011),3421953,292524628
pi3_2,4E9,Movies/The Guns of Navarone (1961),3130061,295654689
pi3_2,4E9,Movies/The Handmaid's Tale (1990),5757440,301412129
pi3_2,4E9,Movies/The Happening (2008),7571949,308984078
pi3_2,4E9,Movies/The Harder They Fall (1956),3369953,312354031
pi3_2,4E9,Movies/The Haunting (1963),1731749,314085780
pi3_2,4E9,Movies/The Hawaiians (1970),6952022,321037802
pi3_2,4E9,Movies/The Heartbreak Kid (1972),757274,321795076
pi3_2,4E9,Movies/The Heiress (1949),716385,322511461
pi3_2,4E9,Movies/The High and the Mighty (1954),775197,323286658
pi3_2,4E9,Movies/The Holiday (2006),6670473,329957131
pi3_2,4E9,Movies/The Holly and the Ivy (1952),1405386,331362517
pi3_2,4E9,Movies/The Hound Of The Baskervilles (1959),3464259,334826776
pi3_2,4E9,Movies/The Hunchback of Notre Dame (1939),4670584,339497360
pi3_2,4E9,Movies/The Hunger Games (2012),11541969,351039329
pi3_2,4E9,Movies/The Hunger Games - Catching Fire (2013),1933337,352972666
pi3_2,4E9,Movies/The Hunger Games - Mockingjay Part 1 (2014),2435569,355408235
pi3_2,4E9,Movies/The Hunger Games - Mockingjay Part 2 (2015),3456281,358864516
pi3_2,4E9,Movies/The Hunt  (2020),1739417,360603933
pi3_2,4E9,Movies/The Hunt for Red October (1990),4621749,365225682
pi3_2,4E9,Movies/The Hurt Locker (2008),8405759,373631441
pi3_2,4E9,Movies/The Ice Harvest (2005),7265442,380896883
pi3_2,4E9,Movies/The Ice Storm (1997),4586542,385483425
pi3_2,4E9,Movies/The Illustrated Man (1969),1227977,386711402
pi3_2,4E9,Movies/The Immortal Life of Henrietta Lacks (2017),2571523,389282925
pi3_2,4E9,Movies/The In-Laws (1979),5808816,395091741
pi3_2,4E9,Movies/The Innocents (1961),813745,395905486
pi3_2,4E9,Movies/The Insider (1999),4788437,400693923
pi3_2,4E9,Movies/The Invasion (2007),4396326,405090249
pi3_2,4E9,Movies/The Inventor - Out for Blood in Silicon Valley (2019),1986753,407077002
pi3_2,4E9,Movies/The Invisible Man (1933),4823985,411900987
pi3_2,4E9,Movies/The Joy Luck Club (1993),2782297,414683284
pi3_2,4E9,Movies/The Keys of the Kingdom (1944),5791949,420475233
pi3_2,4E9,Movies/The Killers (1964),3444072,423919305
pi3_2,4E9,Movies/The Killing Of A Chinese Bookie (1976),10507553,434426858
pi3_2,4E9,Movies/The Kindergarten Teacher (2018),9251281,443678139
pi3_2,4E9,Movies/The King of Kong - A Fistful of Quarters (2007),7935713,451613852
pi3_2,4E9,Movies/The Kings Speech (2010),5763497,457377349
pi3_2,4E9,Movies/The Lady Eve (1941),983213,458360562
pi3_2,4E9,Movies/The Lady from Shanghai (1947),1174305,459534867
pi3_2,4E9,Movies/The Land Before Time (1988),4190609,463725476
pi3_2,4E9,Movies/The Land Before Time 10 The Great Longneck Migration 2003-Obfuscated,716921,464442397
pi3_2,4E9,Movies/The Land Before Time 11 Invasion Of The Tinysauruses 2005-Obfuscated,716921,465159318
pi3_2,4E9,Movies/The Land Before Time 13 The Wisdom Of Friends 2007-Obfuscated,714609,465873927
pi3_2,4E9,Movies/The Land Before Time 2 The Great Valley Adventure (1994),730624,466604551
pi3_2,4E9,Movies/The Land Before Time 3 Time Of The Great Giving (1995),716555,467321106
pi3_2,4E9,Movies/The Land Before Time 4 Journey Through The Mists (1996),716273,468037379
pi3_2,4E9,Movies/The Land Before Time 5 The Mysterious Island 1997-Obfuscated,716145,468753524
pi3_2,4E9,Movies/The Land Before Time 6 The Secret Of Saurus Rock (1998),726252,469479776
pi3_2,4E9,Movies/The Land Before Time 7 The Stone Of Cold Fire 2001-Obfuscated,716273,470196049
pi3_2,4E9,Movies/The Land Before Time 8 The Big Freeze 2001-Obfuscated,716537,470912586
pi3_2,4E9,Movies/The Land Before Time 9 Journey To Big Water 2002-Obfuscated,716273,471628859
pi3_2,4E9,Movies/The Land Before Time XII The Great Day of the Flyers (2006),2565598,474194457
pi3_2,4E9,Movies/The Last Flight of Noahs Ark (1980),902001,475096458
pi3_2,4E9,Movies/The Last Man On Earth (1964),1532561,476629019
pi3_2,4E9,Movies/The Last Picture Show (1971),8386615,485015634
pi3_2,4E9,Movies/The Last Temptation of Christ (1988),3886521,488902155
pi3_2,4E9,Movies/The Last Word (2017),6528177,495430332
pi3_2,4E9,Movies/The Lathe of Heaven (1980),1271909,496702241
pi3_2,4E9,Movies/The Lathe of Heaven (2002),714870,497417111
pi3_2,4E9,Movies/The Lemon Drop Kid (1951),719861,498136972
pi3_2,4E9,Movies/The Leopard (1963),3653165,501790137
pi3_2,4E9,Movies/The Letter (1940),1628408,503418545
pi3_2,4E9,Movies/The Life Aquatic with Steve Zissou (2004),5774176,509192721
pi3_2,4E9,Movies/The Life and Death of Colonel Blimp (1943),1330614,510523335
pi3_2,4E9,Movies/The Limey (1999),25666921,536190256
pi3_2,4E9,Movies/The Lineup (1958),844865,537035121
pi3_2,4E9,Movies/The Little Girl Who Lives Down the Lane (1976),3052354,540087475
pi3_2,4E9,Movies/The Lives of Others (2006),18061364,558148839
pi3_2,4E9,Movies/The Locket (1946),1334302,559483141
pi3_2,4E9,Movies/The Lone.Ranger (2013),3358181,562841322
pi3_2,4E9,Movies/The Loneliness Of The Long Distance Runner (1962),4589089,567430411
pi3_2,4E9,Movies/The Long Good Friday (1980),7611576,575041987
pi3_2,4E9,Movies/The Long Goodbye (1973),7767680,582809667
pi3_2,4E9,Movies/The Long Long Trailer (1954),759961,583569628
pi3_2,4E9,Movies/The Lost Weekend (1945),991913,584561541
pi3_2,4E9,Movies/The Machinist (2004),4573193,589134734
pi3_2,4E9,Movies/The Mad (2007),803130,589937864
pi3_2,4E9,Movies/The Major and the Minor (1942),980534,590918398
pi3_2,4E9,Movies/The Maltese Falcon (1941),9013834,599932232
pi3_2,4E9,Movies/The Man In The Gray Flannel Suit (1956),15307065,615239297
pi3_2,4E9,Movies/The Man Who Invented Christmas (2017),7106378,622345675
pi3_2,4E9,Movies/The Man Who Shot Liberty Valance (1962),8334825,630680500
pi3_2,4E9,Movies/The Man in the White Suit (1951),9177761,639858261
pi3_2,4E9,Movies/The Manchurian Candidate (1962),2634267,642492528
pi3_2,4E9,Movies/The Manchurian Candidate (2004),3160409,645652937
pi3_2,4E9,Movies/The Matrix (1999),22740273,668393210
pi3_2,4E9,Movies/The Meg (2018),3683249,672076459
pi3_2,4E9,Movies/The Men Who Stare at Goats (2009),4589457,676665916
pi3_2,4E9,Movies/The Miracle Of The Bells (1948),2408293,679074209
pi3_2,4E9,Movies/The Mob (1951),916849,679991058
pi3_2,4E9,Movies/The Mortal Storm (1940),1051601,681042659
pi3_2,4E9,Movies/The Mummy (1999),2991585,684034244
pi3_2,4E9,Movies/The Muppet Christmas Carol (1992),2904117,686938361
pi3_2,4E9,Movies/The Naked City (1948),992553,687930914
pi3_2,4E9,Movies/The Naked Spur (1953),755353,688686267
pi3_2,4E9,Movies/The Narrow Margin (1952),541177,689227444
pi3_2,4E9,Movies/The Navigators (2001),1252561,690480005
pi3_2,4E9,Movies/The New Land (1972),9251600,699731605
pi3_2,4E9,Movies/The Night of the Hunter (1955),6927000,706658605
pi3_2,4E9,Movies/The Nightmare Before Christmas (1993),1433033,708091638
pi3_2,4E9,Movies/The Oath (2018),1578425,709670063
pi3_2,4E9,Movies/The Old Maid (1939),1122169,710792232
pi3_2,4E9,Movies/The Omega Man (1971),5733777,716526009
pi3_2,4E9,Movies/The Opening of Misty Beethoven (1976),5783163,722309172
pi3_2,4E9,Movies/The Outlaw Josey Wales (1976),2758865,725068037
pi3_2,4E9,Movies/The Paleface (1948),716917,725784954
pi3_2,4E9,Movies/The Paper Chase (1973),911230,726696184
pi3_2,4E9,Movies/The Parallax View (1974),6666642,733362826
pi3_2,4E9,Movies/The Passion of Joan of Arc (1928),5735057,739097883
pi3_2,4E9,Movies/The Pawnbroker (1964),738041,739835924
pi3_2,4E9,Movies/The Pelican Brief (1993),1796535,741632459
pi3_2,4E9,Movies/The People (1972),940637,742573096
pi3_2,4E9,Movies/The People vs. Larry Flynt (1996),2591449,745164545
pi3_2,4E9,Movies/The Phenix City Story (1955),911217,746075762
pi3_2,4E9,Movies/The Pianist (2002),2102130,748177892
pi3_2,4E9,Movies/The Pied Piper (1933),77369,748255261
pi3_2,4E9,Movies/The Pied Piper (1942),875613,749130874
pi3_2,4E9,Movies/The Point (1971),335741,749466615
pi3_2,4E9,Movies/The Polar Express (2004),11232436,760699051
pi3_2,4E9,Movies/The Poseidon Adventure (1972),2393321,763092372
pi3_2,4E9,Movies/The Presidents Analyst (1967),1534745,764627117
pi3_2,4E9,Movies/The Prestige (2006),2906793,767533910
pi3_2,4E9,Movies/The Private Lives of Elizabeth and Essex (1939),741249,768275159
pi3_2,4E9,Movies/The Prize (1963),784810,769059969
pi3_2,4E9,Movies/The Purchase Price (1932),726769,769786738
pi3_2,4E9,Movies/The Quiet American (2002),5866361,775653099
pi3_2,4E9,Movies/The Racket (1951),616745,776269844
pi3_2,4E9,Movies/The Rainmaker (1997),2711989,778981833
pi3_2,4E9,Movies/The Rains Came (1939),1634191,780616024
pi3_2,4E9,Movies/The Razors Edge (1946),5731473,786347497
pi3_2,4E9,Movies/The Reader (2008),2529274,788876771
pi3_2,4E9,Movies/The Red Shoes (1948),4996009,793872780
pi3_2,4E9,Movies/The Ref (1994),864747,794737527
pi3_2,4E9,Movies/The Report (2019),9824721,804562248
pi3_2,4E9,Movies/The Return of the Living Dead (1985),5729599,810291847
pi3_2,4E9,Movies/The Road (2009),4378761,814670608
pi3_2,4E9,Movies/The Road to Perdition (2002),8772770,823443378
pi3_2,4E9,Movies/The Roaring Twenties (1939),1333269,824776647
pi3_2,4E9,Movies/The Royal Tenenbaums (2001),5779121,830555768
pi3_2,4E9,Movies/The Rules of the Game (1939),4581530,835137298
pi3_2,4E9,Movies/The Russians Are Coming (1966),2517033,837654331
pi3_2,4E9,Movies/The Salesman (2016),5728785,843383116
pi3_2,4E9,Movies/The Sand Pebbles (1966),8300505,851683621
pi3_2,4E9,Movies/The Sandpiper (1965),1476787,853160408
pi3_2,4E9,Movies/The Sea Wolf (1941),6888824,860049232
pi3_2,4E9,Movies/The Search (1948),1439185,861488417
pi3_2,4E9,Movies/The Searchers (1956),5740441,867228858
pi3_2,4E9,Movies/The Secret Lives of Pets (2016),1703553,868932411
pi3_2,4E9,Movies/The Set-Up (1949),3841722,872774133
pi3_2,4E9,Movies/The Seventh Seal (1957),1224800,873998933
pi3_2,4E9,Movies/The Shape Of Water (2017),4970513,878969446
pi3_2,4E9,Movies/The Shining (1980),1759785,880729231
pi3_2,4E9,Movies/The Shop Around the Corner (1940),1894921,882624152
pi3_2,4E9,Movies/The Siege (1998),6884390,889508542
pi3_2,4E9,Movies/The Signal (2007),2070145,891578687
pi3_2,4E9,Movies/The Silence Of The Lambs (1991),9985729,901564416
pi3_2,4E9,Movies/The Skeleton Twins (2014),1501689,903066105
pi3_2,4E9,Movies/The Slender Thread (1965),1133213,904199318
pi3_2,4E9,Movies/The Snake Pit (1948),895985,905095303
pi3_2,4E9,Movies/The Sniper (1952),1046473,906141776
pi3_2,4E9,Movies/The Song of Bernadette (1943),2092049,908233825
pi3_2,4E9,Movies/The Sorrow and the Pity (1969),1607121,909840946
pi3_2,4E9,Movies/The Sound of Music (1965),970009,910810955
pi3_2,4E9,Movies/The Souvenir (2019),8336105,919147060
pi3_2,4E9,Movies/The Spy Who Came in from the Cold (1965),900713,920047773
pi3_2,4E9,Movies/The Spy in Black (1939),1296369,921344142
pi3_2,4E9,Movies/The Squid and the Whale (2005),4194057,925538199
pi3_2,4E9,Movies/The Stepford Wives (1975),1086057,926624256
pi3_2,4E9,Movies/The Stone Angel (2007),1432507,928056763
pi3_2,4E9,Movies/The Story Of G.I. Joe (1945),725395,928782158
pi3_2,4E9,Movies/The Strawberry Blonde (1941),983818,929765976
pi3_2,4E9,Movies/The Sweet Hereafter (1997),832045,930598021
pi3_2,4E9,Movies/The Taking of Pelham One Two Three (1974),2451577,933049598
pi3_2,4E9,Movies/The Tale of Princess Kaguya (2013),3571433,936621031
pi3_2,4E9,Movies/The Tall Target (1951),4873988,941495019
pi3_2,4E9,Movies/The Ten Commandments (1956),1748905,943243924
pi3_2,4E9,Movies/The Texas Chainsaw Massacre (1974),997094,944241018
pi3_2,4E9,Movies/The Thin Man (1934),740089,944981107
pi3_2,4E9,Movies/The Thing (1982),10076658,955057765
pi3_2,4E9,Movies/The Thing (2011),3120313,958178078
pi3_2,4E9,Movies/The Thing from Another World (1951),3233333,961411411
pi3_2,4E9,Movies/The Third Man (1949),3639441,965050852
pi3_2,4E9,Movies/The Third Man - 1949,1433801,966484653
pi3_2,4E9,Movies/The Three Musketeers (1973),2142385,968627038
pi3_2,4E9,Movies/The Treasure of Sierra Madre (1948),1666814,970293852
pi3_2,4E9,Movies/The Trial of the Chicago 7 (2020),4031769,974325621
pi3_2,4E9,Movies/The Trigger Effect (1996),3719377,978044998
pi3_2,4E9,Movies/The Truman Show (1998),2495001,980539999
pi3_2,4E9,Movies/The Ugly American (1963),941057,981481056
pi3_2,4E9,Movies/The Umbrellas Of Cherbourg (1964),6950883,988431939
pi3_2,4E9,Movies/The Unbearable Lightness of Being (1988),17429449,1005861388
pi3_2,4E9,Movies/The Uninvited (1944),2609377,1008470765
pi3_2,4E9,Movies/The Usual Suspects (1995),4573193,1013043958
pi3_2,4E9,Movies/The VIPs (1963),713581,1013757539
pi3_2,4E9,Movies/The Verdict (1982),7707593,1021465132
pi3_2,4E9,Movies/The Virgin Suicides (1999),9909385,1031374517
pi3_2,4E9,Movies/The War of The Worlds (1953),6950849,1038325366
pi3_2,4E9,Movies/The Wedding Banquet (1993),4586791,1042912157
pi3_2,4E9,Movies/The Wedding Singer (1998),878323,1043790480
pi3_2,4E9,Movies/The Wet Parade (1932),817073,1044607553
pi3_2,4E9,Movies/The Whistle at Eaton Falls (1951),5720585,1050328138
pi3_2,4E9,Movies/The Wild Bunch (1969),1150097,1051478235
pi3_2,4E9,Movies/The Witch (2015),1172505,1052650740
pi3_2,4E9,Movies/The Witmans (2020),2027353,1054678093
pi3_2,4E9,Movies/The Wizard of Lies (2017),15942435,1070620528
pi3_2,4E9,Movies/The Wizard of Oz (1939),4621245,1075241773
pi3_2,4E9,Movies/The Wobblies (1979),2248988,1077490761
pi3_2,4E9,Movies/The Woodsman (2004),1415873,1078906634
pi3_2,4E9,Movies/The Wrong Man (1956),6896801,1085803435
pi3_2,4E9,Movies/The X-Files Fight the Future (1998),4412962,1090216397
pi3_2,4E9,Movies/The Zookeepers Wife (2017),2527162,1092743559
pi3_2,4E9,Movies/Them (1954),4145013,1096888572
pi3_2,4E9,Movies/There Is Something Wrong With Aunt Diane (2011),2875665,1099764237
pi3_2,4E9,Movies/There Will Be Blood (2007),8169985,1107934222
pi3_2,4E9,Movies/These Final Hours (2013),13956678,1121890900
pi3_2,4E9,Movies/They Call It Sin (1932),541825,1122432725
pi3_2,4E9,Movies/They Came Back (2004),498265,1122930990
pi3_2,4E9,Movies/They Died with Their Boots On (1941),1885697,1124816687
pi3_2,4E9,Movies/They Live (1988),5246545,1130063232
pi3_2,4E9,Movies/They Live by Night (1948),625201,1130688433
pi3_2,4E9,Movies/They Shoot Horses Don't They (1969),2400601,1133089034
pi3_2,4E9,Movies/They Won't Believe Me (1947),1055334,1134144368
pi3_2,4E9,Movies/Things to Come (1936),1915537,1136059905
pi3_2,4E9,Movies/Thirty Seconds Over Tokyo (1944),1396930,1137456835
pi3_2,4E9,Movies/This Christmas (2007),1293763,1138750598
pi3_2,4E9,Movies/This Happy Breed (1944),4586918,1143337516
pi3_2,4E9,Movies/This Land is Mine (1943),2252834,1145590350
pi3_2,4E9,Movies/This is Not a Test (1962),268865,1145859215
pi3_2,4E9,Movies/This is Spinal Tap (1984),1833573,1147692788
pi3_2,4E9,Movies/Threads (1984),1213369,1148906157
pi3_2,4E9,Movies/Three Billboards Outside Ebbing Missouri (2017),3799937,1152706094
pi3_2,4E9,Movies/Three Colors - Red (1994),6569427,1159275521
pi3_2,4E9,Movies/Three Comrades (1938),1181869,1160457390
pi3_2,4E9,Movies/Three Days Of The Condor (1975),6939623,1167397013
pi3_2,4E9,Movies/Three Times (2005),1431065,1168828078
pi3_2,4E9,Movies/Three on a Match (1932),712169,1169540247
pi3_2,4E9,Movies/Tight Spot (1955),608545,1170148792
pi3_2,4E9,Movies/Tinker Tailor Soldier Spy (2011),6893613,1177042405
pi3_2,4E9,Movies/Titanic (1943),7742561,1184784966
pi3_2,4E9,Movies/Titanic (1997),4194569,1188979535
pi3_2,4E9,Movies/To Each His Own (1946),1435609,1190415144
pi3_2,4E9,Movies/To Sir With Love (1967),2070649,1192485793
pi3_2,4E9,Movies/Together (2000),1251285,1193737078
pi3_2,4E9,Movies/Tokyo Story (1953),2198889,1195935967
pi3_2,4E9,Movies/Too Big To Fail (2011),4591013,1200526980
pi3_2,4E9,Movies/Tootsie (1982),1476329,1202003309
pi3_2,4E9,Movies/Tora Tora Tora (1970),6883877,1208887186
pi3_2,4E9,Movies/Tortilla Soup (2001),730324,1209617510
pi3_2,4E9,Movies/Totally Under Control (2020),581533,1210199043
pi3_2,4E9,Movies/Touch of Evil (1958),1049703,1211248746
pi3_2,4E9,Movies/Touchez Pas Au Grisbi (1954),1119366,1212368112
pi3_2,4E9,Movies/Toy Story (1995),4660937,1217029049
pi3_2,4E9,Movies/Traffic (2000),11604865,1228633914
pi3_2,4E9,Movies/Trio (1950),374409,1229008323
pi3_2,4E9,Movies/True Grit (2010),2791924,1231800247
pi3_2,4E9,Movies/Truly Madly Deeply (1990),3439649,1235239896
pi3_2,4E9,Movies/Trumbo (2015),1158191,1236398087
pi3_2,4E9,Movies/Try and Get Me (1950),3474543,1239872630
pi3_2,4E9,Movies/Tucker The Man and His Dream (1988),994217,1240866847
pi3_2,4E9,Movies/Ugetsu (1953),5797874,1246664721
pi3_2,4E9,Movies/Un Chien Andalou (1929),763158,1247427879
pi3_2,4E9,Movies/Uncle Boonmee Who Can Recall His Past Lives (2010),4639062,1252066941
pi3_2,4E9,Movies/Under the Skin (2013),2924345,1254991286
pi3_2,4E9,Movies/Union Pacific (1939),5724694,1260715980
pi3_2,4E9,Movies/United 93 (2006),5969201,1266685181
pi3_2,4E9,Movies/Until They Sail (1957),569609,1267254790
pi3_2,4E9,Movies/Untl They Sail (1956),1469417,1268724207
pi3_2,4E9,Movies/Up (2009),5333410,1274057617
pi3_2,4E9,Movies/Up the Down Staircase (1967),1478283,1275535900
pi3_2,4E9,Movies/V for Vendetta (2005),11477033,1287012933
pi3_2,4E9,Movies/V for Vendetta (2006),7669801,1294682734
pi3_2,4E9,Movies/Valkyrie (2008),3328725,1298011459
pi3_2,4E9,Movies/Vertigo (1958),1540497,1299551956
pi3_2,4E9,Movies/Vice (2018),5119353,1304671309
pi3_2,4E9,Movies/Victim (1961),4241999,1308913308
pi3_2,4E9,Movies/Victor Victoria (1982),2676125,1311589433
pi3_2,4E9,Movies/Village of the Damned (1960),8274505,1319863938
pi3_2,4E9,Movies/Vita Activa - Hannah Arendt (2015),1929513,1321793451
pi3_2,4E9,Movies/Viva Las Vegas (1964),1076321,1322869772
pi3_2,4E9,Movies/WALL-E (2008),2567629,1325437401
pi3_2,4E9,Movies/WWII From Space (2012),4604892,1330042293
pi3_2,4E9,Movies/Wag the Dog (1997),5376553,1335418846
pi3_2,4E9,Movies/Waking Life (2001),5834845,1341253691
pi3_2,4E9,Movies/Waking Ned Devine (1999),397081,1341650772
pi3_2,4E9,Movies/Walk Hard - The Dewey Cox Story (1997),1526281,1343177053
pi3_2,4E9,Movies/Wallace and Gromit - A Close Shave (1995),2793981,1345971034
pi3_2,4E9,Movies/Wallace and Gromit - A Matter of Loaf and Death (2008),2287881,1348258915
pi3_2,4E9,Movies/Wallace and Gromit - In the Wrong Trousers (1993),2294359,1350553274
pi3_2,4E9,Movies/Wallace and Gromit - The Curse Of The Were-Rabbit (2005),5084274,1355637548
pi3_2,4E9,Movies/Wallace and Gromits' Cracking Contraptions (2002),517865,1356155413
pi3_2,4E9,Movies/War Dogs (2016),6866057,1363021470
pi3_2,4E9,Movies/War For The Planet Of The Apes (2017),6830329,1369851799
pi3_2,4E9,Movies/War Games (1983),10696638,1380548437
pi3_2,4E9,Movies/War of the Worlds (2005),1389246,1381937683
pi3_2,4E9,Movies/Waterloo Bridge (1931),1360673,1383298356
pi3_2,4E9,Movies/Watership Down (1978),6960235,1390258591
pi3_2,4E9,Movies/We Need To Talk About Kevin (2011),4584090,1394842681
pi3_2,4E9,Movies/We Steal Secrets The Story of WikiLeaks (2013),1338027,1396180708
pi3_2,4E9,Movies/We are Legion (2012),1282948,1397463656
pi3_2,4E9,Movies/Welfare (1975),1830105,1399293761
pi3_2,4E9,Movies/Westworld (1973),4494673,1403788434
pi3_2,4E9,Movies/Whale Rider (2002),1436945,1405225379
pi3_2,4E9,Movies/What's Cooking (2000),964158,1406189537
pi3_2,4E9,Movies/What's Eating Gilbert Grape (1993),1945385,1408134922
pi3_2,4E9,Movies/When The Wind Blows (1986),4632055,1412766977
pi3_2,4E9,Movies/Where Danger Lives (1950),1035969,1413802946
pi3_2,4E9,Movies/White Christmas (1954),4216357,1418019303
pi3_2,4E9,Movies/Who's Afraid of Virginia Woolf (1966),961297,1418980600
pi3_2,4E9,Movies/Why We Fight (2005),1374907,1420355507
pi3_2,4E9,Movies/Wild (2014),5755711,1426111218
pi3_2,4E9,Movies/Wild River (1960),835529,1426946747
pi3_2,4E9,Movies/Wings Of Desire (1987),16889697,1443836444
pi3_2,4E9,Movies/Winter Kills (1979),9595705,1453432149
pi3_2,4E9,Movies/Winter Light (1963),2181313,1455613462
pi3_2,4E9,Movies/Witness (1985),1274882,1456888344
pi3_2,4E9,Movies/Woman Under the Influence (1974),2305830,1459194174
pi3_2,4E9,Movies/Women on the Verge of a Nervous Breakdown (1988),10317002,1469511176
pi3_2,4E9,Movies/Won't You Be My Neighbor (2018),4585361,1474096537
pi3_2,4E9,Movies/Working Girls (1986),877913,1474974450
pi3_2,4E9,Movies/World War Z (2013),3133121,1478107571
pi3_2,4E9,Movies/World of Apu (1959),735485,1478843056
pi3_2,4E9,Movies/Written on the Wind (1956),973981,1479817037
pi3_2,4E9,Movies/Wuthering Heights (1939),3098417,1482915454
pi3_2,4E9,Movies/Yellow Submarine (1968),2566217,1485481671
pi3_2,4E9,Movies/Yesterday (2019),5451225,1490932896
pi3_2,4E9,Movies/Yi Yi (2000),1810257,1492743153
pi3_2,4E9,Movies/Yojimbo (1961),5510401,1498253554
pi3_2,4E9,Movies/Young Mr. Lincoln (1939),2141097,1500394651
pi3_2,4E9,Movies/Z (1969),10148879,1510543530
pi3_2,4E9,Movies/Zama (2017),10856841,1521400371
pi3_2,4E9,Movies/Zero days (2016),3500159,1524900530
pi3_2,4E9,Movies/Zodiac (2007),4345457,1529245987
pi3_2,4E9,Movies/Zombie Dawn of The Dead (1978),8108538,1537354525
pi3_2,4E9,Movies/Zombieland (2009),10333865,1547688390
pi3_2,4E9,Movies/Zombieland Double Tap (2019),9447129,1557135519
pi3_2,4E9,Video/Computer,47133418,1604268937
pi3_2,4E9,Video/Documentary,1302102,1605571039
pi3_2,4E9,Video/Family,393,1605571432
pi3_2,4E9,Video/How-To,32281,1605603713
pi3_2,4E9,Work-related/Budget Hearings,378708731,1984312444
pi3_2,4E9,Work-related/NYS Senate,41089310,2025401754
pi3_2,4E9,Work-related/TestFolder,132486,2025534240
pi3_2,4E9,Audio/Music,1026910412,3052444652
